Model,Link to model,Release,Type,# θ (B),n-shot,Average ⬆️,Agree,Agree avg_mcauroc,BB,BB acc,CCL-MC,CCL-MC acc,CCL-OPEN,CCL-OPEN exact_match,CCL-TF,CCL-TF avg_mcauroc,CCM-MC,CCM-MC acc,CCM-OPEN,CCM-OPEN exact_match,CNC-KSK,CNC-KSK word_perplexity,CCDNER,CCDNER exact_match,NQ,NQ exact_match,CNEC,CNEC exact_match,SQAD32,SQAD32 exact_match,TQA,TQA exact_match,CFR,CFR avg_mcauroc,CTK,CTK avg_mcauroc,CNC-DIAL,CNC-DIAL word_perplexity,CNC-E,CNC-E word_perplexity,CNC-F,CNC-F word_perplexity,GEC,GEC avg_mcauroc,CNC-KH,CNC-KH word_perplexity,HASG,HASG acc,HIST,HIST word_perplexity,HIST-IR,HIST-IR acc,KQA,KQA acc,P-ARG,P-ARG avg_mcauroc,P-DEMON,P-DEMON avg_mcauroc,P-EMOCE,P-EMOCE avg_mcauroc,P-FAB,P-FAB avg_mcauroc,P-LOK,P-LOK avg_mcauroc,P-LEP,P-LEP avg_mcauroc,P-NAZOR,P-NAZOR avg_mcauroc,P-REL,P-REL avg_mcauroc,P-RUS,P-RUS avg_mcauroc,P-STCH,P-STCH avg_mcauroc,P-VINA,P-VINA avg_mcauroc,P-MER,P-MER avg_mcauroc,P-ZANR,P-ZANR avg_mcauroc,S-CSFD,S-CSFD avg_mcauroc,S-FB,S-FB avg_mcauroc,S-MALL,S-MALL avg_mcauroc,SNLI,SNLI avg_mcauroc,CNC-SPK,CNC-SPK word_perplexity,SUBJ,SUBJ avg_mcauroc,UT-BIO,UT-BIO acc,UT-CHEM,UT-CHEM acc,UT-CZEL,UT-CZEL acc,UT-HIST,UT-HIST acc,UT-IT,UT-IT acc,UT-MATH,UT-MATH acc,UT-PHYS,UT-PHYS acc
AMead10/c4ai-command-r-08-2024-awq,https://huggingface.co/AMead10/c4ai-command-r-08-2024-awq,2024-10-11,chat,32.3,3,70.12182112988565,90.32258064516128,93.06346335718516,67.74193548387096,88.63636363636364,70.96774193548387,52.38828967642527,80.64516129032258,17.628205128205128,80.64516129032258,81.12701252236137,6.451612903225806,26.190476190476193,32.25806451612903,5.9748427672955975,87.09677419354838,544.3030934283744,90.32258064516128,65.79817227299242,80.64516129032258,17.668235945721406,87.09677419354838,67.24581724581724,67.74193548387096,50.0886839304718,87.09677419354838,47.68011399056016,77.41935483870968,84.32826669877956,93.54838709677419,89.25774816670074,100.0,47.757572606942425,100.0,64.27876987219369,87.09677419354838,151.3335832126588,93.54838709677419,73.03695762858331,83.87096774193549,569.4404641956207,87.09677419354838,64.27006572395936,80.64516129032258,371.12540071849105,54.83870967741935,38.01065719360569,58.06451612903226,25.774473358116477,70.96774193548387,64.41546773657588,83.87096774193549,83.8968003125111,41.935483870967744,64.79397503173664,54.83870967741935,61.29666389415046,61.29032258064516,85.11925609416697,83.87096774193549,70.55487351190477,35.483870967741936,68.9001916556096,64.51612903225806,64.83741074326517,41.935483870967744,59.36495977739106,77.41935483870968,69.13621621621621,32.25806451612903,55.78428729072107,87.09677419354838,86.77626480477552,77.41935483870968,94.06683795942924,96.7741935483871,92.0992381895232,77.41935483870968,91.86983840831047,96.7741935483871,80.9444549806781,64.51612903225806,84.18616690456696,100.0,74.44745886212361,100.0,94.46470039669583,70.96774193548387,92.0,80.64516129032258,91.0,3.225806451612903,59.0,70.96774193548387,91.0,61.29032258064516,91.0,32.25806451612903,76.0,29.03225806451613,81.0
BUT-FIT/CSTinyLlama-1.2B,https://huggingface.co/BUT-FIT/CSTinyLlama-1.2B,2024-09-23,pretrained,1.23,3,10.5894777265745,0.0,54.15584603618986,0.0,24.545454545454547,0.0,27.426810477657938,0.0,0.0,3.225806451612903,49.325183860067575,9.67741935483871,27.77777777777778,0.0,0.3144654088050315,100.0,328.22167741902416,6.451612903225806,4.2193272409099745,0.0,1.3850415512465373,3.225806451612903,13.945578231292515,0.0,7.875133025895707,16.129032258064516,5.913260308130733,0.0,51.46712038409817,0.0,51.10137464236004,67.74193548387096,98.25044240661191,87.09677419354838,82.42153082261214,96.7741935483871,100.75771353652912,0.0,50.78012733379109,96.7741935483871,345.0774929329619,19.35483870967742,42.411870145389365,96.7741935483871,197.34694088221934,0.0,26.820603907637658,0.0,20.074349442379184,3.225806451612903,46.07286295070131,3.225806451612903,59.50317837991407,0.0,41.17627969888804,0.0,45.24379503882688,9.67741935483871,70.52548880970852,0.0,37.11848958333333,0.0,31.487889273356405,0.0,37.08566617981175,0.0,47.41167153892833,0.0,36.07171171171172,0.0,46.11426517069371,12.903225806451612,54.67039403168775,0.0,65.78309991703875,0.0,72.63995525622838,0.0,62.587284495835384,0.0,63.42360932049543,0.0,50.270349804993195,77.41935483870968,135.13930026293198,6.451612903225806,53.630282135627525,0.0,47.0,0.0,59.0,6.451612903225806,62.0,0.0,61.0,0.0,42.0,0.0,49.0,3.225806451612903,62.0
BUT-FIT/csmpt7b,https://huggingface.co/BUT-FIT/csmpt7b,2024-09-23,pretrained,6.7,3,15.725806451612906,25.806451612903224,68.32159387174764,3.225806451612903,26.36363636363636,0.0,25.731895223420647,3.225806451612903,0.964630225080386,9.67741935483871,52.004571655734445,0.0,22.22222222222222,0.0,0.3144654088050315,96.7741935483871,361.3152181368303,9.67741935483871,8.205327629788062,0.0,1.4958448753462603,9.67741935483871,17.107924250781394,9.67741935483871,16.67257892869812,19.35483870967742,7.222370647430759,3.225806451612903,51.85014553953852,3.225806451612903,51.52869079597967,54.83870967741935,108.95194455754131,90.32258064516128,78.48851206407204,100.0,93.83558368831436,0.0,50.844971342890375,100.0,250.80713280528585,48.38709677419355,49.27305317665804,100.0,158.21798782793385,0.0,25.843694493783303,0.0,20.693928128872365,45.16129032258064,53.98549386894433,19.35483870967742,71.54728505983879,0.0,46.04845663175033,22.58064516129032,59.0818544638676,0.0,63.80155328888269,12.903225806451612,60.491443452380956,19.35483870967742,64.50035122408096,51.61290322580645,63.18463972736124,0.0,44.77730287476249,51.61290322580645,64.93837837837837,58.06451612903226,57.83213745375018,16.129032258064516,56.31856936628662,3.225806451612903,70.03940973297597,22.58064516129032,80.52658642155505,6.451612903225806,69.07973164899083,9.67741935483871,68.2106891134083,3.225806451612903,50.33663633534103,83.87096774193549,122.83711253906482,9.67741935483871,54.49869196486874,3.225806451612903,59.0,0.0,63.0,0.0,50.0,0.0,65.0,0.0,52.0,0.0,52.0,0.0,52.0
CohereForAI/aya-23-35B,https://huggingface.co/CohereForAI/aya-23-35B,2024-09-23,chat,35.0,3,56.70762928827445,77.41935483870968,90.45006086973399,70.96774193548387,87.5,61.29032258064516,48.38212634822804,80.64516129032258,15.112540192926044,64.51612903225806,76.94593520174917,0.0,19.047619047619047,19.35483870967742,4.40251572327044,90.32258064516128,458.24597376549445,87.09677419354838,58.312269103636005,80.64516129032258,18.22714681440443,51.61290322580645,58.135686707115276,67.74193548387096,51.08194395175594,77.41935483870968,42.22994033306617,70.96774193548387,83.95009971932055,83.87096774193549,88.29897013120383,83.87096774193549,70.91692022553165,77.41935483870968,99.37368287633247,77.41935483870968,164.9960883362177,87.09677419354838,71.1488861796593,67.74193548387096,1599.8547053519483,83.87096774193549,62.37801234813782,67.74193548387096,662.9990213039615,45.16129032258064,37.211367673179396,0.0,22.18091697645601,12.903225806451612,48.92086035797652,32.25806451612903,72.84704712525303,32.25806451612903,63.66547454623298,22.58064516129032,58.83197852814337,41.935483870967744,78.80956139997978,22.58064516129032,62.602306547619044,25.806451612903224,65.74286061173696,32.25806451612903,61.1966488153197,9.67741935483871,54.09429424413709,19.35483870967742,59.36144144144144,19.35483870967742,52.60796620579114,70.96774193548387,84.45349782135675,70.96774193548387,91.97251762304644,93.54838709677419,91.4887286328605,83.87096774193549,92.7441812752504,48.38709677419355,78.48465381331536,77.41935483870968,86.02139933677532,90.32258064516128,120.16257213002129,93.54838709677419,92.11334910049628,45.16129032258064,87.0,29.03225806451613,75.0,25.806451612903224,63.0,32.25806451612903,84.0,45.16129032258064,88.0,32.25806451612903,75.0,22.58064516129032,75.0
CohereForAI/aya-23-8B,https://huggingface.co/CohereForAI/aya-23-8B,2024-09-23,chat,8.03,3,39.52359617682198,41.935483870967744,80.33637441405604,45.16129032258064,78.18181818181819,22.58064516129032,34.514637904468415,38.70967741935484,4.501607717041801,41.935483870967744,66.5643013317432,12.903225806451612,26.984126984126984,6.451612903225806,1.8867924528301887,67.74193548387096,812.7738145073133,41.935483870967744,41.434960139996114,74.19354838709677,13.822714681440443,38.70967741935484,53.254274682846116,67.74193548387096,51.08194395175594,54.83870967741935,30.394514204292456,38.70967741935484,79.7346003991907,45.16129032258064,83.79167506264658,64.51612903225806,102.18103189832004,61.29032258064516,150.33521505800076,64.51612903225806,258.6570564942501,35.483870967741936,55.83819359781019,38.70967741935484,4242.118213182806,74.19354838709677,54.33180641306513,45.16129032258064,1196.8965618217055,25.806451612903224,31.70515097690941,0.0,20.322180916976457,22.58064516129032,49.22936178766732,38.70967741935484,73.76238502787741,25.806451612903224,59.9033535067757,22.58064516129032,58.674888691628624,29.03225806451613,76.17698783036043,29.03225806451613,63.42615327380952,35.483870967741936,68.93488045372949,67.74193548387096,64.84045358649789,3.225806451612903,51.50271663709829,29.03225806451613,62.44828828828829,51.61290322580645,57.41158230597541,35.483870967741936,66.88508955413855,41.935483870967744,86.42096950924851,90.32258064516128,91.24929057317695,77.41935483870968,91.76441369222493,38.70967741935484,77.95852608603991,67.74193548387096,84.20879795115796,70.96774193548387,177.0313772254345,58.06451612903226,79.74509639872012,25.806451612903224,80.0,0.0,69.0,0.0,51.0,22.58064516129032,77.0,25.806451612903224,80.0,9.67741935483871,65.0,22.58064516129032,74.0
NousResearch/Hermes-3-Llama-3.1-8B,https://huggingface.co/NousResearch/Hermes-3-Llama-3.1-8B,2024-09-23,chat,8.03,3,50.246415770609325,61.29032258064516,84.51564733698221,45.16129032258064,80.3409090909091,48.38709677419355,42.68104776579353,58.06451612903226,9.646302250803858,58.06451612903226,70.53543033194197,0.0,23.809523809523807,38.70967741935484,6.289308176100629,38.70967741935484,1715.1804396469888,64.51612903225806,51.58467820338324,51.61290322580645,9.916897506925208,67.74193548387096,60.461481890053314,61.29032258064516,48.56332032635686,54.83870967741935,30.839789829904714,54.83870967741935,82.37839517724201,45.16129032258064,83.51226539039664,45.16129032258064,124.09560475767444,35.483870967741936,283.9549025159126,41.935483870967744,474.09913258892624,77.41935483870968,66.49293965424626,48.38709677419355,3428.761807960029,58.06451612903226,51.94184425413264,38.70967741935484,1295.3395476954852,67.74193548387096,42.00710479573712,0.0,20.44609665427509,61.29032258064516,57.71438182795301,16.129032258064516,71.47270854788877,32.25806451612903,61.80815057735756,77.41935483870968,63.95059096532491,54.83870967741935,80.8832916025652,64.51612903225806,67.26116071428572,61.29032258064516,71.52006313361257,61.29032258064516,64.4788623823434,6.451612903225806,53.56632036287472,77.41935483870968,68.92612612612614,29.03225806451613,54.99098721232729,70.96774193548387,83.83136433820204,64.51612903225806,90.17108176789522,67.74193548387096,88.64983534020708,67.74193548387096,88.90850791528749,58.06451612903226,79.05499899542278,70.96774193548387,85.01979148827245,48.38709677419355,295.2288500098038,64.51612903225806,80.78484148491577,38.70967741935484,84.0,38.70967741935484,80.0,6.451612903225806,61.0,32.25806451612903,84.0,32.25806451612903,84.0,12.903225806451612,67.0,22.58064516129032,74.0
Qwen/Qwen2-72B-Instruct,https://huggingface.co/Qwen/Qwen2-72B-Instruct,2024-09-23,chat,72.7,3,78.48288957159924,93.54838709677419,93.59159980795194,90.32258064516128,92.5,90.32258064516128,64.56086286594761,80.64516129032258,16.98717948717949,93.54838709677419,91.17968594712781,77.41935483870968,38.88888888888889,96.7741935483871,21.38364779874214,64.51612903225806,819.3599317218395,74.19354838709677,54.81236632315769,80.64516129032258,17.668235945721406,90.32258064516128,69.67273395844825,48.38709677419355,46.08017027314651,83.87096774193549,44.26039718585805,93.54838709677419,85.9932006955872,83.87096774193549,88.39407077475762,77.41935483870968,76.25873594408495,64.51612903225806,144.21254314801237,67.74193548387096,240.33256252188124,83.87096774193549,69.76535736139721,77.41935483870968,755.9231821700442,35.483870967741936,47.032463652658834,77.41935483870968,506.7181014477698,93.54838709677419,64.03197158081704,96.7741935483871,40.02478314745972,90.32258064516128,68.91304526191854,67.74193548387096,81.52100571753257,32.25806451612903,63.75799116456632,54.83870967741935,61.453578992248616,83.87096774193549,86.8410524523616,90.32258064516128,72.51134672619047,64.51612903225806,72.06857975388297,61.29032258064516,64.61477604673806,25.806451612903224,55.68429417040974,67.74193548387096,67.71315315315314,41.935483870967744,56.833490620209616,90.32258064516128,89.93673326549943,70.96774193548387,92.99671742836118,32.25806451612903,83.3782120460594,93.54838709677419,93.37717059815719,80.64516129032258,79.7117788154147,100.0,91.91211458938517,67.74193548387096,187.73185262756957,77.41935483870968,87.467528691067,83.87096774193549,96.0,93.54838709677419,96.0,19.35483870967742,63.0,83.87096774193549,95.0,90.32258064516128,98.0,93.54838709677419,93.0,83.87096774193549,90.0
Qwen/Qwen2-7B-Instruct,https://huggingface.co/Qwen/Qwen2-7B-Instruct,2024-09-23,chat,7.62,3,47.99667178699437,54.83870967741935,82.10785991202651,58.06451612903226,82.61363636363637,45.16129032258064,41.910631741140215,41.935483870967744,5.144694533762058,61.29032258064516,73.86404293381037,25.806451612903224,30.158730158730158,48.38709677419355,7.547169811320755,22.58064516129032,3082.713445653877,51.61290322580645,44.09877503402683,41.935483870967744,9.168975069252078,48.38709677419355,54.320647177790036,35.483870967741936,41.43313231642426,41.935483870967744,22.789206518835158,58.06451612903226,82.90575460656781,48.38709677419355,84.07069103644069,25.806451612903224,179.00093670942871,22.58064516129032,455.09195103839966,22.58064516129032,876.6796710409836,58.06451612903226,60.52971978158004,35.483870967741936,4461.735407863931,32.25806451612903,46.13622784305915,29.03225806451613,1998.3065024823625,80.64516129032258,47.42451154529307,64.51612903225806,27.385377942998762,64.51612903225806,60.07644845933894,48.38709677419355,76.69750346248092,32.25806451612903,64.3464409418429,80.64516129032258,65.72348694005075,45.16129032258064,79.20086136473955,54.83870967741935,65.37183779761907,41.935483870967744,69.46735350486944,22.58064516129032,58.69036027263874,0.0,49.69356560756091,35.483870967741936,62.91207207207208,83.87096774193549,63.65612095610448,51.61290322580645,78.76817078097349,29.03225806451613,81.54747752666293,38.70967741935484,84.49749553199827,38.70967741935484,86.20438095544745,45.16129032258064,78.260470871524,83.87096774193549,87.31548888783438,29.03225806451613,432.1128405510646,54.83870967741935,79.37740282584564,22.58064516129032,73.0,38.70967741935484,81.0,0.0,56.99999999999999,25.806451612903224,80.0,54.83870967741935,89.0,64.51612903225806,84.0,51.61290322580645,83.0
Qwen/Qwen2-7B,https://huggingface.co/Qwen/Qwen2-7B,2024-09-23,pretrained,7.62,3,45.000213346987536,41.935483870967744,80.61643555646341,54.83870967741935,81.81818181818183,41.935483870967744,39.907550077041606,41.935483870967744,5.144694533762058,54.83870967741935,69.37686344663089,29.03225806451613,30.952380952380953,67.74193548387096,9.433962264150944,38.70967741935484,1714.5695762939743,67.74193548387096,53.179078358934476,41.935483870967744,9.058171745152354,67.74193548387096,59.93748850891708,54.83870967741935,47.57006030507272,45.16129032258064,24.926529521773976,45.16129032258064,81.16194094289352,48.38709677419355,83.97453343392156,35.483870967741936,131.8311675906285,32.25806451612903,356.92487462129634,32.25806451612903,620.6363242381478,45.16129032258064,57.32414530812815,54.83870967741935,3313.9138271134075,29.03225806451613,45.269866560446125,35.483870967741936,1480.2334297843784,32.25806451612903,32.770870337477795,58.06451612903226,27.01363073110285,12.903225806451612,48.727329042209725,41.935483870967744,75.54867005220356,9.67741935483871,54.65239343414679,35.483870967741936,59.49371291177108,29.03225806451613,74.29823552727255,35.483870967741936,64.01618303571428,51.61290322580645,71.06130377847735,32.25806451612903,60.52519474196689,0.0,41.490418481305056,29.03225806451613,62.41837837837838,41.935483870967744,56.96656031077889,32.25806451612903,63.901325759183955,38.70967741935484,86.03916691263845,70.96774193548387,88.75981836634051,41.935483870967744,86.43277257815899,41.935483870967744,78.14250632508623,87.09677419354838,87.50360649701423,38.70967741935484,338.84626161264276,41.935483870967744,75.75125293848765,22.58064516129032,72.0,38.70967741935484,80.0,0.0,59.0,25.806451612903224,81.0,35.483870967741936,86.0,70.96774193548387,85.0,29.03225806451613,78.0
allenai/OLMo-7B-Instruct-hf,https://huggingface.co/allenai/OLMo-7B-Instruct-hf,2024-09-23,chat,6.7,3,6.789767878477555,6.451612903225806,57.5239127175901,12.903225806451612,39.09090909090909,0.0,24.80739599383667,3.225806451612903,0.964630225080386,0.0,47.82175511826674,0.0,20.634920634920633,0.0,1.257861635220126,0.0,48490.67212438386,16.129032258064516,17.907835893447405,0.0,1.2742382271468145,12.903225806451612,30.354844640558927,16.129032258064516,24.015608371763037,9.67741935483871,3.6156380799715024,22.58064516129032,69.31190225582506,25.806451612903224,68.03333502177873,0.0,934.4198810472784,0.0,5547.42898705992,0.0,16035.360021777133,22.58064516129032,53.151473961033815,0.0,104420.0655818285,0.0,31.288587930691097,0.0,43037.24734206159,0.0,26.820603907637658,0.0,20.074349442379184,12.903225806451612,48.64548591026382,12.903225806451612,70.10636031109058,0.0,43.66599580815871,16.129032258064516,57.1903111042769,9.67741935483871,68.86498498226351,19.35483870967742,61.520089285714285,12.903225806451612,62.234739096877135,16.129032258064516,57.88197825381369,0.0,41.73582867451437,12.903225806451612,58.27747747747748,12.903225806451612,51.647642444487715,12.903225806451612,55.40585053992486,12.903225806451612,74.66316314457012,6.451612903225806,74.48672181815562,19.35483870967742,77.1254941664973,12.903225806451612,68.65035766687213,22.58064516129032,66.74246920766778,6.451612903225806,1857.340816913084,0.0,52.19764186365416,0.0,57.99999999999999,0.0,57.99999999999999,0.0,53.0,0.0,61.0,6.451612903225806,63.0,0.0,56.00000000000001,0.0,56.99999999999999
google/gemma-2-2b-it,https://huggingface.co/google/gemma-2-2b-it,2024-09-23,chat,2.61,3,23.416965352449225,32.25806451612903,74.21673877215618,29.03225806451613,72.5,22.58064516129032,34.514637904468415,0.0,0.6430868167202572,32.25806451612903,62.2878155436295,0.0,21.428571428571427,12.903225806451612,3.1446540880503147,16.129032258064516,4281.246986504022,29.03225806451613,35.990666925918724,9.67741935483871,2.2714681440443214,22.58064516129032,41.49659863945578,35.483870967741936,41.965235899255056,12.903225806451612,4.719921631489892,35.483870967741936,78.98131853424944,32.25806451612903,77.34904501894421,16.129032258064516,266.1380119197988,19.35483870967742,603.724251194707,19.35483870967742,1217.4612479175307,54.83870967741935,60.01050060023449,12.903225806451612,37585.331740159396,19.35483870967742,42.411870145389365,12.903225806451612,6425.568665881765,12.903225806451612,29.396092362344582,0.0,20.941759603469638,45.16129032258064,53.796270086437836,12.903225806451612,71.11047977556021,9.67741935483871,54.99130481413216,48.38709677419355,60.13290603965863,41.935483870967744,79.60314733225354,64.51612903225806,66.99051339285714,3.225806451612903,57.914899706012434,6.451612903225806,52.28771097046414,0.0,50.733067265111764,6.451612903225806,53.19135135135136,32.25806451612903,55.58256063034588,35.483870967741936,66.73687544981948,12.903225806451612,75.63439684113261,38.70967741935484,84.42381632809413,41.935483870967744,86.46733946409762,58.06451612903226,79.16215984602856,32.25806451612903,73.15210782663387,16.129032258064516,951.7429956742048,48.38709677419355,79.08181953604544,25.806451612903224,77.0,0.0,66.0,0.0,52.0,16.129032258064516,73.0,22.58064516129032,74.0,29.03225806451613,74.0,25.806451612903224,75.0
google/gemma-2-2b,https://huggingface.co/google/gemma-2-2b,2024-09-23,pretrained,2.61,3,12.30585424133811,16.129032258064516,62.855203694888964,22.58064516129032,51.02272727272727,12.903225806451612,31.2788906009245,0.0,0.3215434083601286,25.806451612903224,60.28995229576625,0.0,25.396825396825395,9.67741935483871,3.1446540880503147,45.16129032258064,1641.1096244688938,3.225806451612903,2.3527124246548707,6.451612903225806,1.9390581717451523,0.0,12.750505607648465,6.451612903225806,14.153955303299043,0.0,1.4694095645204381,12.903225806451612,59.087889773037425,16.129032258064516,56.99680395699066,19.35483870967742,207.13828985497796,35.483870967741936,295.9360937117875,38.70967741935484,545.6882604774568,19.35483870967742,52.781253065399866,0.0,116121.74768975073,32.25806451612903,46.15614419438359,22.58064516129032,2194.9543670640646,0.0,25.666074600355238,0.0,19.82651796778191,22.58064516129032,49.45786617109522,41.935483870967744,75.53002592421606,0.0,47.765737298223584,22.58064516129032,58.55064967743289,6.451612903225806,69.11682752119455,41.935483870967744,64.5370163690476,80.64516129032258,73.79998439004085,41.935483870967744,61.8939670561506,0.0,45.60166116842417,32.25806451612903,63.12108108108107,70.96774193548387,59.10840810701499,29.03225806451613,60.583374784257686,22.58064516129032,78.65105748579019,19.35483870967742,78.61926051724258,12.903225806451612,70.89917721088348,12.903225806451612,68.7128266519573,16.129032258064516,53.17979507131422,3.225806451612903,57326.59178987587,22.58064516129032,60.060902197335764,22.58064516129032,76.0,0.0,67.0,0.0,51.0,6.451612903225806,69.0,6.451612903225806,65.0,12.903225806451612,67.0,3.225806451612903,62.0
google/gemma-2-9b,https://huggingface.co/google/gemma-2-9b,2024-09-23,pretrained,9.24,3,45.914405188598735,77.41935483870968,90.21697790168348,70.96774193548387,89.0909090909091,64.51612903225806,49.46070878274268,0.0,0.3215434083601286,80.64516129032258,81.14713774597494,48.38709677419355,33.33333333333333,51.61290322580645,7.861635220125786,80.64516129032258,648.0679626979578,0.0,0.7388683647676453,32.25806451612903,4.404432132963989,3.225806451612903,13.541092112520683,9.67741935483871,16.06952820148989,3.225806451612903,2.475732478404132,64.51612903225806,83.61221200257222,67.74193548387096,86.38439077764194,41.935483870967744,119.26439486891479,67.74193548387096,131.51285497057955,70.96774193548387,219.86100848063114,64.51612903225806,63.736083668483715,16.129032258064516,23097.59704892055,80.64516129032258,60.625373431587334,64.51612903225806,730.7348578363286,38.70967741935484,34.724689165186504,58.06451612903226,26.14622057001239,54.83870967741935,54.76987516358371,64.51612903225806,77.92180120032673,16.129032258064516,56.48313459267273,35.483870967741936,59.37104654332466,45.16129032258064,81.87935100327256,48.38709677419355,64.97786458333333,74.19354838709677,72.73763994761991,41.935483870967744,62.69271340473872,3.225806451612903,53.32924670936004,51.61290322580645,64.73945945945945,77.41935483870968,61.846448062874806,48.38709677419355,74.21709624546169,38.70967741935484,85.98845019910571,67.74193548387096,88.53558821317775,54.83870967741935,88.62533376913771,100.0,81.68398334309292,41.935483870967744,77.43809498922542,0.0,68797.34451248024,83.87096774193549,89.1505525989291,70.96774193548387,92.0,77.41935483870968,89.0,0.0,56.99999999999999,51.61290322580645,88.0,70.96774193548387,94.0,74.19354838709677,85.0,35.483870967741936,82.0
google/gemma-2-9b-it,https://huggingface.co/google/gemma-2-9b-it,2024-09-23,chat,9.24,3,46.449906127325484,61.29032258064516,84.39582641650748,83.87096774193549,90.22727272727272,64.51612903225806,49.61479198767334,51.61290322580645,9.003215434083602,64.51612903225806,77.07513416815743,29.03225806451613,30.952380952380953,77.41935483870968,10.69182389937107,61.29032258064516,932.0428425605282,58.06451612903226,45.51818005055415,38.70967741935484,8.421052631578947,51.61290322580645,57.54734326162898,67.74193548387096,50.47889322454772,35.483870967741936,17.169828123608514,90.32258064516128,85.26250851438247,45.16129032258064,83.86111542676593,48.38709677419355,116.90222794110147,54.83870967741935,174.54401168530865,54.83870967741935,316.9908258609569,29.03225806451613,53.72906769804236,32.25806451612903,4773.330221078421,51.61290322580645,50.119498107946626,51.61290322580645,1178.4733575115765,45.16129032258064,36.05683836589698,35.483870967741936,24.411400247831473,67.74193548387096,62.91654872230359,67.74193548387096,81.23069001029866,16.129032258064516,56.58478682257476,22.58064516129032,58.77361589700219,54.83870967741935,82.9575284040988,48.38709677419355,65.03515625,61.29032258064516,71.88776439368316,32.25806451612903,60.61901574164232,0.0,44.991206549827936,45.16129032258064,63.59747747747748,45.16129032258064,57.263158420340446,51.61290322580645,78.47416516823067,45.16129032258064,87.56446047782981,25.806451612903224,82.73711749688091,25.806451612903224,80.71389597449206,22.58064516129032,72.70690084555825,41.935483870967744,77.43988300076667,51.61290322580645,273.44547665172297,25.806451612903224,61.7405845957947,25.806451612903224,80.0,29.03225806451613,76.0,3.225806451612903,59.0,29.03225806451613,82.0,25.806451612903224,81.0,35.483870967741936,76.0,29.03225806451613,80.0
internlm/internlm2_5-7b-chat,https://huggingface.co/internlm/internlm2_5-7b-chat,2024-09-23,chat,7.74,3,24.845323434033112,35.483870967741936,77.92987528978605,38.70967741935484,77.27272727272727,25.806451612903224,35.901386748844374,0.0,0.6430868167202572,22.58064516129032,57.64286424170144,9.67741935483871,26.984126984126984,22.58064516129032,5.345911949685535,12.903225806451612,4789.143023008347,19.35483870967742,26.677036748979194,16.129032258064516,2.7700831024930745,16.129032258064516,31.890053318624744,16.129032258064516,24.618659098971264,6.451612903225806,3.1614569418470033,41.935483870967744,80.7391663817274,38.70967741935484,80.78342691708805,9.67741935483871,277.0770975479299,9.67741935483871,1468.0376917954143,9.67741935483871,3122.3433734186665,16.129032258064516,52.52685640616023,16.129032258064516,27196.573558970944,16.129032258064516,40.17128062139016,9.67741935483871,11347.780143376061,35.483870967741936,34.63587921847247,54.83870967741935,26.022304832713754,41.935483870967744,51.2519537740145,32.25806451612903,72.98643417735005,0.0,49.16468096462627,61.29032258064516,61.64736389624732,6.451612903225806,68.57277320203076,64.51612903225806,67.09430803571429,45.16129032258064,70.28123943075681,64.51612903225806,64.72634696527102,0.0,44.629393718506584,67.74193548387096,67.88648648648649,58.06451612903226,57.72390910316522,19.35483870967742,56.83595706520308,32.25806451612903,82.99931059650663,29.03225806451613,83.19686063859459,35.483870967741936,85.53422984585004,29.03225806451613,75.25491498783876,48.38709677419355,77.95794752533584,22.58064516129032,694.6847355665176,38.70967741935484,73.16775601573724,12.903225806451612,67.0,0.0,62.0,0.0,56.00000000000001,19.35483870967742,73.0,25.806451612903224,80.0,16.129032258064516,68.0,25.806451612903224,75.0
meta-llama/Llama-3.2-3B-Instruct,https://huggingface.co/meta-llama/Llama-3.2-3B-Instruct,2024-10-05,chat,3.21,3,29.576292882744497,25.806451612903224,68.33552780193254,29.03225806451613,71.36363636363636,22.58064516129032,34.9768875192604,16.129032258064516,1.9230769230769231,45.16129032258064,66.87934804213873,0.0,18.253968253968253,19.35483870967742,3.7735849056603774,9.67741935483871,7809.460678276281,48.38709677419355,42.718257826171495,35.483870967741936,6.812517308224869,35.483870967741936,51.13991542562971,48.38709677419355,46.39943242284498,38.70967741935484,20.23332442782082,29.03225806451613,77.14689487316728,29.03225806451613,75.27075186526405,9.67741935483871,277.2950244381762,12.903225806451612,940.9930266327514,12.903225806451612,2187.694981950153,32.25806451612903,55.62499591280018,19.35483870967742,23587.274823902906,19.35483870967742,42.06333399721171,16.129032258064516,5911.167032453357,25.806451612903224,30.817051509769094,0.0,21.313506815365553,29.03225806451613,49.74965026932339,12.903225806451612,70.56003409211975,32.25806451612903,60.617178234179256,38.70967741935484,59.729959251001254,41.935483870967744,78.62934653032795,12.903225806451612,60.23623511904762,32.25806451612903,68.18950490412882,61.29032258064516,64.37236286919831,0.0,49.721182289461666,29.03225806451613,62.480000000000004,41.935483870967744,57.06268006850718,35.483870967741936,66.85518131887892,22.58064516129032,80.30684287458763,35.483870967741936,84.0373540604995,51.61290322580645,87.3859570379968,90.32258064516128,80.31038559937646,29.03225806451613,68.59566367563976,19.35483870967742,805.2191128831739,29.03225806451613,62.92424415567454,25.806451612903224,80.0,22.58064516129032,74.0,32.25806451612903,65.0,25.806451612903224,80.0,29.03225806451613,81.0,12.903225806451612,67.0,6.451612903225806,68.0
meta-llama/Llama-3.2-1B-Instruct,https://huggingface.co/meta-llama/Llama-3.2-1B-Instruct,2024-10-04,chat,1.24,3,10.057176992660864,6.451612903225806,57.640388145053834,16.129032258064516,43.63636363636363,0.0,25.731895223420647,0.0,0.3205128205128205,12.903225806451612,52.44682965613199,0.0,22.22222222222222,12.903225806451612,3.459119496855346,3.225806451612903,24364.596686353794,25.806451612903224,30.779700563873224,12.903225806451612,2.547770700636943,32.25806451612903,45.15535944107373,22.58064516129032,28.73359347286272,22.58064516129032,8.317748686436904,12.903225806451612,59.099999822177566,6.451612903225806,53.30422993307644,3.225806451612903,551.7924037428302,6.451612903225806,3308.7729286553727,3.225806451612903,8649.440425880697,12.903225806451612,52.213889005666026,9.67741935483871,80282.20373224208,6.451612903225806,34.45528779127664,6.451612903225806,20403.931597486535,0.0,25.044404973357015,0.0,20.074349442379184,0.0,45.84558929106207,9.67741935483871,68.54202919137752,0.0,47.5021083814507,3.225806451612903,53.47432393706622,3.225806451612903,65.26744236622942,9.67741935483871,57.96521577380953,6.451612903225806,61.19060627346915,16.129032258064516,57.53610840636156,0.0,44.864534074930134,9.67741935483871,56.44612612612613,3.225806451612903,48.93906257021736,9.67741935483871,52.216421826917106,9.67741935483871,72.72107916195773,9.67741935483871,75.14634695336237,9.67741935483871,70.30306653931761,19.35483870967742,69.34841733358256,9.67741935483871,51.23675408520336,9.67741935483871,1424.928158823474,12.903225806451612,57.41292179541595,0.0,53.0,0.0,56.00000000000001,0.0,57.99999999999999,0.0,62.0,6.451612903225806,64.0,3.225806451612903,59.0,6.451612903225806,64.0
meta-llama/Llama-3.2-3B,https://huggingface.co/meta-llama/Llama-3.2-3B,2024-10-06,chat,3.21,3,27.988991295442908,22.58064516129032,65.35640639327885,25.806451612903224,58.75,16.129032258064516,32.5115562403698,35.483870967741936,2.564102564102564,25.806451612903224,60.17988471476844,0.0,24.6031746031746,19.35483870967742,4.088050314465408,51.61290322580645,1315.6709106243356,35.483870967741936,38.246159828893646,38.70967741935484,8.058709498753808,38.70967741935484,53.10718882147454,48.38709677419355,45.93827598439163,45.16129032258064,25.024490159408675,19.35483870967742,63.284443262948706,19.35483870967742,57.98164086827996,58.06451612903226,105.74206073580893,48.38709677419355,227.29557818101384,51.61290322580645,409.07037635779045,35.483870967741936,55.841482042011734,51.61290322580645,3401.2225331109225,29.03225806451613,45.8972316271659,54.83870967741935,1138.1319920166427,0.0,27.175843694493786,0.0,21.561338289962826,19.35483870967742,49.15141594771885,48.38709677419355,76.26780070314997,0.0,48.207164907441964,48.38709677419355,60.34276687798366,29.03225806451613,73.65467859998842,25.806451612903224,63.07942708333334,51.61290322580645,71.02292929555722,61.29032258064516,64.33584875040572,0.0,49.09830712052517,51.61290322580645,64.418018018018,67.74193548387096,58.69434416365824,16.129032258064516,56.911911219797986,38.70967741935484,84.92499679109532,45.16129032258064,84.82001882552986,22.58064516129032,80.49370581413461,77.41935483870968,79.68169866558128,19.35483870967742,58.011753588096596,58.06451612903226,245.00473768303405,19.35483870967742,59.897907960036555,22.58064516129032,73.0,0.0,63.0,0.0,52.0,32.25806451612903,82.0,12.903225806451612,73.0,6.451612903225806,62.0,22.58064516129032,73.0
meta-llama/Llama-3.2-1B,https://huggingface.co/meta-llama/Llama-3.2-1B,2024-10-05,chat,1.24,3,11.597542242703533,12.903225806451612,61.023581437880836,0.0,26.931818181818183,3.225806451612903,29.275808936825886,3.225806451612903,0.9615384615384616,19.35483870967742,54.27747962631684,0.0,24.6031746031746,9.67741935483871,2.515723270440252,29.03225806451613,2412.0215869292747,29.03225806451613,35.27124246548707,29.03225806451613,3.544724453060094,25.806451612903224,43.417907703621985,25.806451612903224,31.606952820148987,32.25806451612903,11.479205628283907,6.451612903225806,53.41341602748885,6.451612903225806,53.65804919607449,32.25806451612903,152.51239931151494,25.806451612903224,414.9898192538942,29.03225806451613,759.0890112737263,9.67741935483871,51.513978223399334,29.03225806451613,8705.938636658575,12.903225806451612,37.88090021907987,22.58064516129032,2161.502259356132,0.0,26.376554174067497,0.0,20.57001239157373,3.225806451612903,46.12209190224771,6.451612903225806,63.891650981924066,0.0,44.688278865423634,9.67741935483871,56.59585101103648,6.451612903225806,67.76679839672481,3.225806451612903,54.30654761904763,16.129032258064516,63.76950160869301,22.58064516129032,58.98602320675105,0.0,43.79810296024749,3.225806451612903,52.4190990990991,6.451612903225806,49.17611636232905,3.225806451612903,50.33242222590588,22.58064516129032,79.55620846113307,16.129032258064516,77.85824468758204,3.225806451612903,65.55795104699254,3.225806451612903,65.19479681368728,6.451612903225806,50.49904334094858,35.483870967741936,355.5446474969599,16.129032258064516,57.74464950372209,0.0,54.0,0.0,63.0,0.0,52.0,0.0,56.00000000000001,3.225806451612903,56.00000000000001,0.0,49.0,0.0,56.99999999999999
meta-llama/Meta-Llama-3.1-8B,https://huggingface.co/meta-llama/Meta-Llama-3.1-8B,2024-09-23,pretrained,8.03,3,46.19388974227684,41.935483870967744,80.55900756908596,41.935483870967744,77.5,38.70967741935484,38.82896764252696,51.61290322580645,9.003215434083602,38.70967741935484,65.86960842774796,0.0,21.428571428571427,41.935483870967744,6.289308176100629,70.96774193548387,716.3197013920343,61.29032258064516,47.30701924946529,64.51612903225806,11.689750692520775,70.96774193548387,60.911932340503775,70.96774193548387,51.64952110677545,70.96774193548387,34.882892510463975,32.25806451612903,78.24413034796414,32.25806451612903,77.05157169955838,80.64516129032258,74.2052456106713,70.96774193548387,127.63347813692879,74.19354838709677,217.77196893260543,48.38709677419355,57.84148204201174,70.96774193548387,1561.2177303898093,61.29032258064516,52.38996215893248,70.96774193548387,590.5030492093704,32.25806451612903,32.59325044404973,0.0,20.322180916976457,45.16129032258064,54.00846737966598,67.74193548387096,80.98387726836891,9.67741935483871,55.02825020941972,67.74193548387096,62.392273766172046,29.03225806451613,75.84684029900825,25.806451612903224,63.45033482142857,80.64516129032258,73.69266592085751,41.935483870967744,62.08465189873418,0.0,51.81038844461533,61.29032258064516,66.47063063063064,22.58064516129032,54.20280519895542,45.16129032258064,72.73743341589933,48.38709677419355,87.9968125155854,87.09677419354838,89.93560001522374,32.25806451612903,84.9460093234641,61.29032258064516,79.25138904356234,35.483870967741936,73.5313270547151,74.19354838709677,159.2670081205767,35.483870967741936,70.30640365841712,35.483870967741936,83.0,29.03225806451613,75.0,25.806451612903224,63.0,25.806451612903224,81.0,32.25806451612903,83.0,9.67741935483871,64.0,29.03225806451613,76.0
meta-llama/Meta-Llama-3.1-405B-Instruct,https://huggingface.co/meta-llama/Meta-Llama-3.1-405B-Instruct,2024-09-23,chat,406.0,3,93.66146100017066,100.0,96.3298407251845,96.7741935483871,94.6590909090909,96.7741935483871,69.64560862865947,100.0,36.01286173633441,100.0,94.41363546014709,96.7741935483871,44.44444444444444,96.7741935483871,22.641509433962266,93.54838709677419,401.11442631180006,96.7741935483871,68.44254326268715,100.0,26.28808864265928,96.7741935483871,76.72366243794815,93.54838709677419,53.458673288400135,100.0,58.90105975598896,100.0,87.25556511524512,93.54838709677419,89.63610374352359,93.54838709677419,53.82650143123176,93.54838709677419,77.06913544389539,93.54838709677419,122.72544581919384,100.0,79.87913566233658,93.54838709677419,411.93483609571285,100.0,70.02589125672178,93.54838709677419,272.2875566184582,100.0,70.07104795737122,96.7741935483871,41.511771995043375,100.0,70.90743316144224,100.0,86.37558151923008,38.70967741935484,64.79907316254308,100.0,75.47284215529353,93.54838709677419,90.19660106891081,100.0,78.96391369047619,100.0,80.51183321625864,96.7741935483871,77.35617494320024,87.09677419354838,65.81409307528826,100.0,84.90414414414415,100.0,73.19294855470837,100.0,95.38555653971774,87.09677419354838,95.2217517091006,80.64516129032258,88.96545474272773,100.0,95.72494767566,54.83870967741935,78.88044482257742,93.54838709677419,88.39567406170626,93.54838709677419,104.39794027080961,61.29032258064516,79.8460814042706,93.54838709677419,97.0,93.54838709677419,98.0,100.0,85.0,90.32258064516128,97.0,90.32258064516128,100.0,96.7741935483871,97.0,83.87096774193549,91.0
meta-llama/Meta-Llama-3.1-70B,https://huggingface.co/meta-llama/Meta-Llama-3.1-70B,2024-09-23,pretrained,70.6,3,81.43134493940944,83.87096774193549,91.39875039142407,90.32258064516128,91.70454545454545,87.09677419354838,61.47919876733437,93.54838709677419,26.688102893890676,90.32258064516128,88.61160803021268,35.483870967741936,31.746031746031743,87.09677419354838,16.037735849056602,74.19354838709677,668.0643631929892,96.7741935483871,67.52867975889558,96.7741935483871,24.87534626038781,96.7741935483871,76.50303364589078,100.0,54.94856332032636,96.7741935483871,55.855374476801146,83.87096774193549,84.85356487328526,87.09677419354838,88.76280950801969,96.7741935483871,50.19657383018476,96.7741935483871,71.18653140821597,90.32258064516128,146.72119984127025,90.32258064516128,72.2827968591621,90.32258064516128,416.62703712537825,96.7741935483871,66.59032065325631,90.32258064516128,287.1757325541825,80.64516129032258,49.02309058614564,61.29032258064516,27.137546468401485,80.64516129032258,66.56995228894112,77.41935483870968,83.09510280904861,32.25806451612903,61.731470792554575,80.64516129032258,65.80526451901503,61.29032258064516,84.73803820383092,58.06451612903226,66.02232142857143,87.09677419354838,76.57183616480647,93.54838709677419,72.28578383641675,32.25806451612903,56.72065203312028,90.32258064516128,76.33765765765766,80.64516129032258,62.92586045907795,70.96774193548387,84.5591397950735,74.19354838709677,93.17852789606788,100.0,92.38296357166918,83.87096774193549,92.8444354713799,61.29032258064516,79.2471470553056,80.64516129032258,86.03272714947158,96.7741935483871,88.53110083441366,67.74193548387096,82.55369882133994,70.96774193548387,93.0,80.64516129032258,91.0,3.225806451612903,60.0,83.87096774193549,95.0,87.09677419354838,99.0,54.83870967741935,81.0,64.51612903225806,86.0
meta-llama/Meta-Llama-3.1-8B-Instruct,https://huggingface.co/meta-llama/Meta-Llama-3.1-8B-Instruct,2024-09-23,chat,8.03,3,58.09331797235023,67.74193548387096,85.54172248869048,58.06451612903226,83.29545454545455,51.61290322580645,45.300462249614796,51.61290322580645,8.360128617363344,45.16129032258064,67.06618962432917,0.0,22.22222222222222,54.83870967741935,8.49056603773585,58.06451612903226,959.4313629378474,80.64516129032258,56.81508846976473,67.74193548387096,12.659279778393351,80.64516129032258,64.25813568670712,77.41935483870968,52.2880454061724,67.74193548387096,33.62721524623742,70.96774193548387,83.93119484499732,48.38709677419355,83.98194408506009,61.29032258064516,103.4513732608333,58.06451612903226,164.2208699572006,58.06451612903226,298.4500113190076,67.74193548387096,64.46110620647131,64.51612903225806,2495.3489171959523,58.06451612903226,51.88209520015933,61.29032258064516,825.6458912351247,67.74193548387096,41.207815275310836,0.0,22.676579925650557,83.87096774193549,67.55627484523647,12.903225806451612,70.99062466706914,32.25806451612903,62.90545471338357,67.74193548387096,62.15410530435938,54.83870967741935,82.04884734675157,32.25806451612903,63.882998511904766,74.19354838709677,72.87921360494663,87.09677419354838,66.90705128205127,3.225806451612903,52.55952338072568,83.87096774193549,69.95171171171171,38.70967741935484,56.42030049283222,70.96774193548387,84.19800288542973,74.19354838709677,93.55186361721194,51.61290322580645,85.91590966029663,70.96774193548387,89.76177872052068,77.41935483870968,79.5961487256254,58.06451612903226,81.33135944361901,61.29032258064516,219.0498003060333,74.19354838709677,83.69981103891864,35.483870967741936,83.0,41.935483870967744,80.0,35.483870967741936,66.0,41.935483870967744,86.0,58.06451612903226,90.0,25.806451612903224,72.0,29.03225806451613,78.0
meta-llama/Meta-Llama-3.1-70B-Instruct,https://huggingface.co/meta-llama/Meta-Llama-3.1-70B-Instruct,2024-09-23,chat,70.6,3,83.66508789895886,83.87096774193549,91.84003514774746,90.32258064516128,91.81818181818183,96.7741935483871,67.79661016949152,93.54838709677419,27.652733118971064,93.54838709677419,91.18763665275293,12.903225806451612,28.57142857142857,87.09677419354838,16.352201257861633,77.41935483870968,665.451915150231,90.32258064516128,65.05930390822478,93.54838709677419,23.684210526315788,93.54838709677419,73.303916161059,67.74193548387096,51.472153245831855,93.54838709677419,55.19636655089501,96.7741935483871,86.5435510914885,96.7741935483871,89.87260974590744,87.09677419354838,62.00025323632667,80.64516129032258,90.98540743942505,80.64516129032258,162.70540107241243,96.7741935483871,78.48580690666705,80.64516129032258,661.6180355870645,93.54838709677419,65.85341565425215,83.87096774193549,366.8901200680721,93.54838709677419,62.34458259325044,93.54838709677419,32.218091697645605,96.7741935483871,70.30735275415472,93.54838709677419,85.18413295926702,41.935483870967744,64.94855369490735,96.7741935483871,72.00393510914162,83.87096774193549,88.16069394806001,96.7741935483871,76.38448660714286,96.7741935483871,79.30076055189878,100.0,78.57990506329114,67.74193548387096,62.06564580471691,96.7741935483871,82.75783783783783,96.7741935483871,68.90351074294333,96.7741935483871,92.6978774657228,87.09677419354838,95.4800413061494,67.74193548387096,88.65258890049988,96.7741935483871,94.50620976537398,61.29032258064516,79.2621464728997,90.32258064516128,88.18526887037117,83.87096774193549,122.10567155529309,90.32258064516128,91.96035388370117,80.64516129032258,94.0,80.64516129032258,94.0,32.25806451612903,65.0,80.64516129032258,94.0,90.32258064516128,98.0,77.41935483870968,89.0,80.64516129032258,90.0
meta-llama/Meta-Llama-3-8B-Instruct,https://huggingface.co/meta-llama/Meta-Llama-3-8B-Instruct,2024-09-23,chat,8.03,3,48.29749103942653,70.96774193548387,86.70661966032046,51.61290322580645,81.70454545454545,51.61290322580645,43.451463790446844,45.16129032258064,7.07395498392283,51.61290322580645,67.73504273504274,0.0,17.46031746031746,32.25806451612903,5.9748427672955975,35.483870967741936,1757.8195037596768,70.96774193548387,54.92902974917363,61.29032258064516,10.77562326869806,54.83870967741935,58.82515168229454,67.74193548387096,50.86910251862362,61.29032258064516,32.14890016920474,51.61290322580645,81.89693966160343,41.935483870967744,82.79822216157079,35.483870967741936,131.60144283361583,41.935483870967744,262.60990573282334,45.16129032258064,464.21822996706516,61.29032258064516,62.39366507382651,41.935483870967744,3877.419814772024,41.935483870967744,47.97849034056961,41.935483870967744,1290.4305273062503,51.61290322580645,37.56660746003552,0.0,22.428748451053284,74.19354838709677,65.08775060613146,48.38709677419355,76.61404879434639,32.25806451612903,62.11298003176681,74.19354838709677,63.21179693998084,54.83870967741935,80.51552199953028,80.64516129032258,70.12313988095238,64.51612903225806,72.06814614390649,48.38709677419355,62.88846965271016,0.0,49.73195526644993,61.29032258064516,67.21261261261262,22.58064516129032,54.47131636632363,61.29032258064516,80.29825295475214,64.51612903225806,91.44359206070666,58.06451612903226,87.1340262924598,54.83870967741935,88.61701807724151,74.19354838709677,79.38415808357028,51.61290322580645,78.24815611159711,41.935483870967744,317.83193992956325,70.96774193548387,83.57426211309912,35.483870967741936,82.0,25.806451612903224,74.0,29.03225806451613,64.0,29.03225806451613,82.0,32.25806451612903,84.0,19.35483870967742,71.0,25.806451612903224,75.0
microsoft/Phi-3-mini-4k-instruct,https://huggingface.co/microsoft/Phi-3-mini-4k-instruct,2024-09-23,chat,3.82,3,13.195511179382146,16.129032258064516,62.615008081667625,19.35483870967742,49.31818181818181,3.225806451612903,29.275808936825886,3.225806451612903,0.964630225080386,6.451612903225806,51.4221824686941,3.225806451612903,26.190476190476193,9.67741935483871,2.8301886792452833,6.451612903225806,14602.00754428151,22.58064516129032,28.349212521874396,9.67741935483871,2.3545706371191137,25.806451612903224,44.06140834712263,29.03225806451613,33.735367151472154,29.03225806451613,9.778252738445097,25.806451612903224,70.97806630306117,22.58064516129032,66.77962490389147,6.451612903225806,401.0878665605825,3.225806451612903,4068.5676391301154,6.451612903225806,8122.037585945756,25.806451612903224,53.26599963565533,3.225806451612903,83315.9644456383,0.0,31.14917347142004,3.225806451612903,22049.44412763067,9.67741935483871,29.129662522202487,0.0,21.437422552664188,9.67741935483871,47.78059476778294,0.0,56.94982066124508,0.0,49.7334522482811,6.451612903225806,55.722683143334415,6.451612903225806,68.63476815361958,6.451612903225806,56.418526785714285,6.451612903225806,60.921768088040174,29.03225806451613,59.8456264199935,0.0,49.95508675825731,12.903225806451612,58.281081081081076,12.903225806451612,51.57486605649346,0.0,46.95214429099165,3.225806451612903,69.30797940691016,3.225806451612903,73.43145807237299,25.806451612903224,80.75957383736804,25.806451612903224,72.94876868519165,25.806451612903224,68.43696069496393,12.903225806451612,998.0726064562293,32.25806451612903,68.7447199049889,0.0,54.0,9.67741935483871,68.0,0.0,56.99999999999999,0.0,63.0,12.903225806451612,70.0,6.451612903225806,63.0,3.225806451612903,63.0
mistralai/Mistral-7B-Instruct-v0.3,https://huggingface.co/mistralai/Mistral-7B-Instruct-v0.3,2024-09-23,chat,7.25,3,35.162783751493436,38.70967741935484,78.5818246339646,35.483870967741936,74.54545454545455,29.03225806451613,36.97996918335901,41.935483870967744,6.430868167202572,35.483870967741936,65.22261975750348,0.0,19.047619047619047,6.451612903225806,1.8867924528301887,32.25806451612903,1765.4545978242274,35.483870967741936,37.623954890141945,48.38709677419355,9.833795013850416,38.70967741935484,53.0888030888031,35.483870967741936,41.929762327066335,61.29032258064516,32.469498619645556,48.38709677419355,81.23681031774366,64.51612903225806,85.27310321542195,41.935483870967744,126.18156887806195,41.935483870967744,263.51514808968153,35.483870967741936,571.8035749543194,41.935483870967744,56.202024448461586,61.29032258064516,2892.4694567412776,48.38709677419355,49.561840270862376,45.16129032258064,1202.312094656072,35.483870967741936,34.280639431616336,0.0,21.933085501858738,35.483870967741936,50.39649818058,77.41935483870968,83.19365034269683,32.25806451612903,60.794582470317216,16.129032258064516,56.9126517603148,32.25806451612903,76.3547404841906,77.41935483870968,69.62965029761905,19.35483870967742,64.88994978796472,3.225806451612903,49.80424375202857,6.451612903225806,53.2093045665916,19.35483870967742,59.66342342342343,83.87096774193549,63.573732592337386,51.61290322580645,77.99874878687068,51.61290322580645,88.27765079432798,54.83870967741935,86.09433993794975,48.38709677419355,87.0135031110494,48.38709677419355,78.55314294254163,54.83870967741935,80.32790192871583,45.16129032258064,297.6004528600314,45.16129032258064,78.34365205041138,35.483870967741936,83.0,29.03225806451613,76.0,9.67741935483871,61.0,25.806451612903224,79.0,22.58064516129032,78.0,12.903225806451612,67.0,25.806451612903224,77.0
mistralai/Mistral-Nemo-Instruct-2407,https://huggingface.co/mistralai/Mistral-Nemo-Instruct-2407,2024-09-23,chat,12.2,3,57.58235193719065,51.61290322580645,81.24084600236125,67.74193548387096,87.27272727272727,61.29032258064516,48.99845916795069,54.83870967741935,9.646302250803858,74.19354838709677,78.99199960246473,0.0,24.6031746031746,22.58064516129032,5.031446540880504,48.38709677419355,1483.6412214293832,80.64516129032258,56.91230799144468,67.74193548387096,12.770083102493073,83.87096774193549,65.35208678065821,90.32258064516128,52.855622561191915,74.19354838709677,37.98201086472526,64.51612903225806,83.61566130697004,74.19354838709677,87.79986252201056,70.96774193548387,87.32289004112222,51.61290322580645,217.4617225832435,48.38709677419355,442.2629005308382,74.19354838709677,65.98916775269406,58.06451612903226,3074.0665954624274,58.06451612903226,52.52937661820355,58.06451612903226,1119.5537021635564,70.96774193548387,44.13854351687389,35.483870967741936,24.1635687732342,58.06451612903226,57.13594164728277,48.38709677419355,76.64157107851841,29.03225806451613,60.192540564715515,80.64516129032258,65.91080652263561,67.74193548387096,84.35974402240312,41.935483870967744,64.6303943452381,45.16129032258064,70.23744482313049,61.29032258064516,64.06909282700421,0.0,51.0825226796253,74.19354838709677,68.3837837837838,41.935483870967744,57.09863135451463,64.51612903225806,81.46405577629791,41.935483870967744,87.46742663826242,48.38709677419355,84.98362168277556,61.29032258064516,88.72489715549811,32.25806451612903,77.60791270448513,38.70967741935484,76.868491238704,54.83870967741935,268.1445345725815,80.64516129032258,88.79706681794437,45.16129032258064,87.0,38.70967741935484,80.0,0.0,53.0,41.935483870967744,87.0,54.83870967741935,89.0,19.35483870967742,72.0,29.03225806451613,80.0
mistralai/Mixtral-8x7B-Instruct-v0.1,https://huggingface.co/mistralai/Mixtral-8x7B-Instruct-v0.1,2024-09-23,chat,46.7,3,55.68676395289299,74.19354838709677,89.73307318667396,64.51612903225806,85.11363636363637,54.83870967741935,46.379044684129425,58.06451612903226,11.254019292604502,74.19354838709677,79.17213277678394,29.03225806451613,30.158730158730158,38.70967741935484,6.289308176100629,54.83870967741935,1046.3301746784919,41.935483870967744,41.33774061831616,74.19354838709677,14.81994459833795,58.06451612903226,58.99062327633756,32.25806451612903,37.850301525363605,80.64516129032258,43.14720812182741,58.06451612903226,82.88175940866496,67.74193548387096,86.15821228630077,74.19354838709677,84.58244611424242,67.74193548387096,136.2880280483584,61.29032258064516,293.7024451821287,70.96774193548387,64.89127581358632,74.19354838709677,1128.6668517810654,77.41935483870968,59.25114519020116,74.19354838709677,581.2596946683107,61.29032258064516,40.319715808170514,45.16129032258064,25.03097893432466,77.41935483870968,66.24411816589337,77.41935483870968,83.46354629070635,32.25806451612903,60.44540726016273,54.83870967741935,61.20492622544052,45.16129032258064,78.26241864266062,74.19354838709677,68.60286458333333,29.03225806451613,66.94591149153159,12.903225806451612,56.72316212268744,29.03225806451613,56.0455544988504,29.03225806451613,62.58846846846846,70.96774193548387,59.191170963344675,64.51612903225806,81.87466830770815,64.51612903225806,89.76917711541023,83.87096774193549,89.8142554000532,74.19354838709677,89.90142316258026,87.09677419354838,80.11371218138402,61.29032258064516,81.78877681999289,64.51612903225806,195.3045857157292,51.61290322580645,79.26228655152148,35.483870967741936,84.0,45.16129032258064,82.0,6.451612903225806,61.0,32.25806451612903,84.0,51.61290322580645,89.0,45.16129032258064,77.0,29.03225806451613,76.0
mistralai/Mixtral-8x22B-Instruct-v0.1,https://huggingface.co/mistralai/Mixtral-8x22B-Instruct-v0.1,2024-09-23,chat,141.0,3,76.46036012971496,96.7741935483871,94.80246941243958,87.09677419354838,91.70454545454545,87.09677419354838,59.32203389830508,87.09677419354838,21.474358974358974,87.09677419354838,87.6605048698072,38.70967741935484,32.53968253968254,87.09677419354838,15.723270440251572,83.87096774193549,551.9420402679235,67.74193548387096,53.684619871670236,90.32258064516128,19.939075048463028,77.41935483870968,63.40319911748483,38.70967741935484,43.100390209294076,90.32258064516128,52.70282304746638,87.09677419354838,85.00277802921936,74.19354838709677,87.89268050668441,90.32258064516128,58.43103568883953,83.87096774193549,89.55357858199642,83.87096774193549,156.0893581260668,80.64516129032258,68.82898221717745,87.09677419354838,539.6550500089195,87.09677419354838,64.89743079067914,87.09677419354838,325.596682745086,90.32258064516128,57.90408525754884,64.51612903225806,27.881040892193308,90.32258064516128,68.68843817048807,77.41935483870968,83.92787385915693,32.25806451612903,62.012165597853,93.54838709677419,68.99161954554035,80.64516129032258,85.67539173477468,87.09677419354838,71.79910714285714,87.09677419354838,76.87904883315557,41.935483870967744,62.16275154170723,35.483870967741936,58.505623451535136,93.54838709677419,82.16288288288288,90.32258064516128,64.50734255084362,90.32258064516128,90.02608573068197,90.32258064516128,95.64702606773268,61.29032258064516,88.02945702560149,87.09677419354838,92.93779340491058,90.32258064516128,80.36061350089354,96.7741935483871,90.03061707561892,77.41935483870968,134.6007051779905,87.09677419354838,90.2024648605851,54.83870967741935,89.0,93.54838709677419,96.0,3.225806451612903,60.0,80.64516129032258,93.0,80.64516129032258,96.0,70.96774193548387,85.0,61.29032258064516,85.0
mosaicml/mpt-7b,https://huggingface.co/mosaicml/mpt-7b,2024-09-23,pretrained,6.64,3,9.023510838026969,3.225806451612903,55.51692145507633,6.451612903225806,24.204545454545453,0.0,26.656394453004623,0.0,0.3215434083601286,16.129032258064516,53.24786324786325,3.225806451612903,26.190476190476193,0.0,0.628930817610063,25.806451612903224,2832.8872657878555,12.903225806451612,14.621816060664983,9.67741935483871,2.409972299168975,19.35483870967742,36.146350432064715,3.225806451612903,10.10996807378503,22.58064516129032,8.665063674414462,9.67741935483871,54.41553984488701,12.903225806451612,54.55918693886126,29.03225806451613,170.16879191212578,16.129032258064516,835.0480703256999,16.129032258064516,1293.0504568635527,3.225806451612903,51.123078432196856,25.806451612903224,12439.513048337201,9.67741935483871,35.72993427604063,19.35483870967742,4490.230535743161,0.0,27.353463587921844,0.0,20.817843866171003,38.70967741935484,51.00221940523222,48.38709677419355,76.73212827160054,0.0,42.77172421886621,9.67741935483871,56.369914238385135,0.0,61.605931270643254,58.06451612903226,66.3139880952381,51.61290322580645,70.99452784209659,9.67741935483871,54.8259493670886,0.0,45.12906583369573,25.806451612903224,60.39135135135134,9.67741935483871,51.24456361629992,3.225806451612903,49.986327822911804,16.129032258064516,76.38285861343063,12.903225806451612,75.38202133993664,16.129032258064516,72.4391889909556,6.451612903225806,66.8000804960674,12.903225806451612,51.263722346743954,32.25806451612903,387.60350034088873,3.225806451612903,52.71463203604545,0.0,56.99999999999999,0.0,56.00000000000001,0.0,48.0,0.0,56.00000000000001,3.225806451612903,60.0,0.0,54.0,0.0,49.0
speakleash/Bielik-11B-v2.3-Instruct,https://huggingface.co/speakleash/Bielik-11B-v2.3-Instruct,2024-10-05,chat,11.2,3,55.68249701314217,58.06451612903226,83.90427200215382,67.74193548387096,87.5,67.74193548387096,50.53929121725732,54.83870967741935,9.294871794871796,70.96774193548387,78.03816338700061,0.0,21.428571428571427,19.35483870967742,4.716981132075472,19.35483870967742,3546.9883033100286,51.61290322580645,44.137662842698816,38.70967741935484,8.778731653281639,58.06451612903226,59.13770913770914,48.38709677419355,46.6122738559773,51.61290322580645,29.325852702823045,80.64516129032258,84.36448097966147,74.19354838709677,87.55483334190495,22.58064516129032,189.92629555927186,29.03225806451613,390.91571510166307,25.806451612903224,789.9127690280421,51.61290322580645,58.65833345011047,41.935483870967744,3902.517086129427,64.51612903225806,52.778331009759015,29.03225806451613,2009.2311071297524,80.64516129032258,49.289520426287744,48.38709677419355,25.154894671623296,87.09677419354838,68.40834594825218,90.32258064516128,85.23385063390036,32.25806451612903,60.77150734343546,80.64516129032258,65.89909904872407,54.83870967741935,81.28790041154308,93.54838709677419,72.984375,93.54838709677419,77.36924491158692,90.32258064516128,68.36051606621227,0.0,50.51106272756824,87.09677419354838,73.86630630630631,90.32258064516128,64.7611236774171,70.96774193548387,83.37129654725956,70.96774193548387,92.90441210465886,61.29032258064516,88.10586886037895,54.83870967741935,88.61517043324588,35.483870967741936,77.77027634271616,74.19354838709677,85.07396162351601,25.806451612903224,512.7561154501253,96.7741935483871,93.25341599190284,51.61290322580645,88.0,51.61290322580645,83.0,0.0,51.0,64.51612903225806,90.0,61.29032258064516,92.0,70.96774193548387,85.0,64.51612903225806,85.0
