Model,Link to model,Submitted,Type,# θ (B),n-shot,Average ⬆️,Agree,Agree avg_mcauroc,BB,BB acc,CCL-MC,CCL-MC acc,CCL-OPEN,CCL-OPEN exact_match,CCL-TF,CCL-TF avg_mcauroc,CCM-MC,CCM-MC acc,CCM-OPEN,CCM-OPEN exact_match,CNC-KSK,CNC-KSK word_perplexity,CCDNER,CCDNER exact_match,NQ,NQ exact_match,CNEC,CNEC exact_match,SQAD32,SQAD32 exact_match,TQA,TQA exact_match,CFR,CFR avg_mcauroc,CTK,CTK avg_mcauroc,CNC-DIAL,CNC-DIAL word_perplexity,CNC-E,CNC-E word_perplexity,CNC-F,CNC-F word_perplexity,GEC,GEC avg_mcauroc,CNC-KH,CNC-KH word_perplexity,HASG,HASG acc,HIST,HIST word_perplexity,HIST-IR,HIST-IR acc,KQA,KQA acc,P-ARG,P-ARG avg_mcauroc,P-DEMON,P-DEMON avg_mcauroc,P-EMOCE,P-EMOCE avg_mcauroc,P-FAB,P-FAB avg_mcauroc,P-LOK,P-LOK avg_mcauroc,P-LEP,P-LEP avg_mcauroc,P-NAZOR,P-NAZOR avg_mcauroc,P-REL,P-REL avg_mcauroc,P-RUS,P-RUS avg_mcauroc,P-STCH,P-STCH avg_mcauroc,P-VINA,P-VINA avg_mcauroc,P-MER,P-MER avg_mcauroc,P-ZANR,P-ZANR avg_mcauroc,S-CSFD,S-CSFD avg_mcauroc,S-FB,S-FB avg_mcauroc,S-MALL,S-MALL avg_mcauroc,SNLI,SNLI avg_mcauroc,CNC-SPK,CNC-SPK word_perplexity,SUBJ,SUBJ avg_mcauroc,UT-BIO,UT-BIO acc,UT-CHEM,UT-CHEM acc,UT-CZEL,UT-CZEL acc,UT-HIST,UT-HIST acc,UT-IT,UT-IT acc,UT-MATH,UT-MATH acc,UT-PHYS,UT-PHYS acc
ctu-aic/llama3.2-3b-instruct-1epoch-32batch-4gradacc-1e-4lr-merged,https://huggingface.co/meta-llama/Llama-3.2-3B-Instruct,2025-01-28,chat,3.0,3,22.44724025974026,16.363636363636363,64.02701840789706,23.636363636363637,67.61363636363636,9.090909090909092,30.20030816640986,23.636363636363637,2.564102564102564,34.54545454545455,65.49493142516398,0.0,19.841269841269842,9.090909090909092,3.1446540880503147,5.454545454545454,15261.305589630672,41.81818181818181,41.143301574956254,27.27272727272727,5.427859318748269,34.54545454545455,47.113439970582824,36.36363636363637,42.21355090457609,30.909090909090907,15.611363433965625,25.454545454545453,74.39390884046651,25.454545454545453,72.7222076095732,3.6363636363636362,596.5187759126945,7.2727272727272725,1874.2139761950457,7.2727272727272725,4708.255828637527,25.454545454545453,54.90594769318442,9.090909090909092,46783.20229392492,9.090909090909092,39.65345548695479,7.2727272727272725,14749.905579389158,1.8181818181818181,28.24156305506217,0.0,22.18091697645601,30.909090909090907,53.26644349541966,27.27272727272727,73.74995560921909,9.090909090909092,56.88086288462757,30.909090909090907,59.097755659777306,23.636363636363637,73.68895696619082,23.636363636363637,61.43656994047619,36.36363636363637,68.29313768851193,40.0,61.95533106134372,0.0,50.60268370587957,32.72727272727273,62.488288288288295,40.0,56.74922979362964,23.636363636363637,60.249429762561626,10.909090909090908,75.56170510981336,29.09090909090909,83.27614530452337,30.909090909090907,85.39970408009071,78.18181818181819,79.98902284327487,20.0,62.63440822459455,7.2727272727272725,1834.885709062644,49.09090909090909,80.11582538853337,16.363636363636363,71.0,12.727272727272727,71.0,7.2727272727272725,61.0,20.0,78.0,12.727272727272727,73.0,7.2727272727272725,65.0,9.090909090909092,67.0
meta-llama/Llama-3.1-405B-Instruct,https://huggingface.co/meta-llama/Meta-Llama-3.1-405B-Instruct,2024-09-23,chat,406.0,3,90.294237012987,96.36363636363636,96.3298407251845,94.54545454545455,94.6590909090909,96.36363636363636,69.64560862865947,98.18181818181819,36.01286173633441,100.0,94.41363546014709,89.0909090909091,44.44444444444444,92.72727272727272,22.641509433962266,89.0909090909091,401.11442631180006,96.36363636363636,68.44254326268715,100.0,26.28808864265928,98.18181818181819,76.72366243794815,90.9090909090909,53.458673288400135,100.0,58.90105975598896,100.0,87.25556511524512,94.54545454545455,89.63610374352359,94.54545454545455,53.82650143123176,90.9090909090909,77.06913544389539,90.9090909090909,122.72544581919384,100.0,79.87913566233658,94.54545454545455,411.93483609571285,100.0,70.02589125672178,94.54545454545455,272.2875566184582,94.54545454545455,70.07104795737122,92.72727272727272,41.511771995043375,92.72727272727272,70.90743316144224,90.9090909090909,86.37558151923008,38.18181818181819,64.79907316254308,100.0,75.47284215529353,92.72727272727272,90.19660106891081,96.36363636363636,78.96391369047619,96.36363636363636,80.51183321625864,94.54545454545455,77.35617494320024,80.0,65.81409307528826,94.54545454545455,84.90414414414415,94.54545454545455,73.19294855470837,96.36363636363636,95.38555653971774,83.63636363636363,95.2217517091006,83.63636363636363,88.96545474272773,100.0,95.72494767566,49.09090909090909,78.88044482257742,81.81818181818183,88.39567406170626,92.72727272727272,104.39794027080961,47.27272727272727,79.8460814042706,89.0909090909091,97.0,87.27272727272727,98.0,100.0,85.0,80.0,97.0,87.27272727272727,100.0,92.72727272727272,97.0,78.18181818181819,91.0
Qwen/Qwen2.5-72B,https://huggingface.co/Qwen/Qwen2.5-72B,2024-11-07,pretrained,72.7,3,85.87053571428572,90.9090909090909,95.36209394291507,96.36363636363636,94.43181818181819,87.27272727272727,65.17719568567027,87.27272727272727,22.756410256410255,87.27272727272727,89.95179884714769,94.54545454545455,52.38095238095239,96.36363636363636,25.157232704402517,83.63636363636363,484.43966005658626,100.0,69.82306047054249,90.9090909090909,21.794516754361673,92.72727272727272,74.33351719066005,100.0,57.07697765164952,85.45454545454545,46.37100365126013,98.18181818181819,86.9173786267774,96.36363636363636,89.998438182784,92.72727272727272,56.235602952938436,78.18181818181819,96.16285890152282,87.27272727272727,137.22088126150987,81.81818181818183,71.99697313658721,81.81818181818183,635.666067483408,81.81818181818183,63.42362079267079,78.18181818181819,414.77477580507514,81.81818181818183,58.170515097690945,96.36363636363636,45.353159851301115,96.36363636363636,71.33644296210602,87.27272727272727,85.99737206576938,30.909090909090907,63.329400696779224,87.27272727272727,70.40001118325867,50.90909090909091,82.67386214310237,87.27272727272727,76.12016369047619,100.0,82.97126900295721,96.36363636363636,78.54592664719246,67.27272727272727,63.144481157370244,92.72727272727272,83.89693693693694,90.9090909090909,72.03614102890583,92.72727272727272,93.70941900635191,72.72727272727273,93.54257018695975,63.63636363636363,87.12280423288603,90.9090909090909,93.84108322858734,50.90909090909091,79.12116609619355,100.0,93.75212436691793,87.27272727272727,118.8007650193122,96.36363636363636,96.8916310238997,83.63636363636363,96.0,83.63636363636363,97.0,18.181818181818183,63.0,70.9090909090909,95.0,85.45454545454545,99.0,92.72727272727272,97.0,87.27272727272727,94.0
meta-llama/Llama-3.3-70B-Instruct,https://huggingface.co/meta-llama/Llama-3.3-70B-Instruct,2024-12-11,chat,70.6,3,80.37472943722943,74.54545454545455,91.79325308946147,78.18181818181819,92.27272727272727,89.0909090909091,67.33436055469953,92.72727272727272,26.923076923076923,89.0909090909091,90.34038958457565,63.63636363636363,36.507936507936506,81.81818181818183,16.9811320754717,60.0,829.487624161136,92.72727272727272,66.42037721174412,92.72727272727272,23.234561063417335,92.72727272727272,73.90145247288105,69.0909090909091,51.22383824051082,92.72727272727272,53.98521684922968,89.0909090909091,85.50213639037759,69.0909090909091,87.22699100449432,81.81818181818183,67.88437828258168,72.72727272727273,103.34638218272455,72.72727272727273,178.92123461974003,96.36363636363636,77.61142173829776,78.18181818181819,718.2745171427505,41.81818181818181,49.31288587930691,80.0,406.9076401861324,90.9090909090909,65.54174067495559,87.27272727272727,33.705080545229244,89.0909090909091,70.30140425584285,96.36363636363636,87.75879825277886,41.81818181818181,65.66899740614501,92.72727272727272,72.74272913448567,81.81818181818183,87.7301470349569,92.72727272727272,77.27362351190476,98.18181818181819,82.57429906947299,90.9090909090909,76.20040165530672,43.63636363636363,59.403739853735374,96.36363636363636,86.4536936936937,90.9090909090909,71.82392857677846,85.45454545454545,91.57987212596514,83.63636363636363,95.2661538225207,67.27272727272727,87.30320818162993,94.54545454545455,94.3906646354939,40.0,78.58202720427776,85.45454545454545,88.74525852055224,76.36363636363637,134.28754496650507,98.18181818181819,97.29001036633147,63.63636363636363,93.0,72.72727272727273,94.0,76.36363636363637,73.0,63.63636363636363,93.0,85.45454545454545,98.0,72.72727272727273,89.0,87.27272727272727,93.0
Qwen/Qwen2.5-72B-Instruct,https://huggingface.co/Qwen/Qwen2.5-72B-Instruct,2024-11-07,chat,72.7,3,79.14502164502164,94.54545454545455,96.05309457067926,87.27272727272727,93.52272727272727,85.45454545454545,64.56086286594761,80.0,19.871794871794872,92.72727272727272,90.6487278871,92.72727272727272,47.61904761904761,96.36363636363636,24.842767295597483,58.18181818181818,846.4192751731601,61.81818181818181,47.73478514485709,80.0,16.92052063140404,78.18181818181819,65.7014157014157,36.36363636363637,42.00070947144378,78.18181818181819,42.33680648321311,94.54545454545455,86.3485601923769,87.27272727272727,88.76624588644027,70.9090909090909,73.75240012867047,65.45454545454545,128.27062161385794,69.0909090909091,185.69060140216646,89.0909090909091,73.2456010052176,72.72727272727273,832.6674478375145,81.81818181818183,63.72236606253734,69.0909090909091,542.1680913022564,94.54545454545455,69.53818827708703,94.54545454545455,44.114002478314745,94.54545454545455,71.16168018411628,74.54545454545455,83.16346461166945,47.27272727272727,67.31827824896614,96.36363636363636,74.43751703699562,72.72727272727273,84.60831356369232,94.54545454545455,78.57235863095238,90.9090909090909,78.30844412068234,100.0,83.3272476468679,80.0,66.22620097584148,96.36363636363636,86.29585585585586,98.18181818181819,75.40170568879168,92.72727272727272,94.0221018318765,65.45454545454545,92.72384407658366,56.36363636363636,86.31235526098953,87.27272727272727,93.64261594745297,78.18181818181819,79.91502722529754,96.36363636363636,92.17982413173837,69.0909090909091,161.52660800467876,94.54545454545455,96.53582404172653,90.9090909090909,98.0,81.81818181818183,96.0,40.0,68.0,65.45454545454545,94.0,80.0,98.0,92.72727272727272,97.0,90.9090909090909,95.0
meta-llama/Llama-3.1-70B-Instruct,https://huggingface.co/meta-llama/Meta-Llama-3.1-70B-Instruct,2024-09-23,chat,70.6,3,78.92045454545456,74.54545454545455,91.84003514774746,80.0,91.81818181818183,92.72727272727272,67.79661016949152,92.72727272727272,27.652733118971064,96.36363636363636,91.18763665275293,9.090909090909092,28.57142857142857,78.18181818181819,16.352201257861633,72.72727272727273,665.451915150231,87.27272727272727,65.05930390822478,94.54545454545455,23.684210526315788,90.9090909090909,73.303916161059,69.0909090909091,51.472153245831855,94.54545454545455,55.19636655089501,96.36363636363636,86.5435510914885,96.36363636363636,89.87260974590744,85.45454545454545,62.00025323632667,80.0,90.98540743942505,78.18181818181819,162.70540107241243,98.18181818181819,78.48580690666705,80.0,661.6180355870645,92.72727272727272,65.85341565425215,85.45454545454545,366.8901200680721,87.27272727272727,62.34458259325044,81.81818181818183,32.218091697645605,89.0909090909091,70.30735275415472,85.45454545454545,85.18413295926702,41.81818181818181,64.94855369490735,90.9090909090909,72.00393510914162,78.18181818181819,88.16069394806001,90.9090909090909,76.38448660714286,94.54545454545455,79.30076055189878,96.36363636363636,78.57990506329114,63.63636363636363,62.06564580471691,90.9090909090909,82.75783783783783,85.45454545454545,68.90351074294333,90.9090909090909,92.6978774657228,85.45454545454545,95.4800413061494,74.54545454545455,88.65258890049988,96.36363636363636,94.50620976537398,54.54545454545454,79.2621464728997,80.0,88.18526887037117,81.81818181818183,122.10567155529309,78.18181818181819,91.96035388370117,72.72727272727273,94.0,74.54545454545455,94.0,27.27272727272727,65.0,65.45454545454545,94.0,85.45454545454545,98.0,72.72727272727273,89.0,72.72727272727273,90.0
meta-llama/Llama-3.1-70B,https://huggingface.co/meta-llama/Meta-Llama-3.1-70B,2024-09-23,pretrained,70.6,3,76.82765151515152,74.54545454545455,91.39875039142407,80.0,91.70454545454545,83.63636363636363,61.47919876733437,90.9090909090909,26.688102893890676,85.45454545454545,88.61160803021268,36.36363636363637,31.746031746031743,78.18181818181819,16.037735849056602,70.9090909090909,668.0643631929892,96.36363636363636,67.52867975889558,98.18181818181819,24.87534626038781,98.18181818181819,76.50303364589078,96.36363636363636,54.94856332032636,96.36363636363636,55.855374476801146,78.18181818181819,84.85356487328526,87.27272727272727,88.76280950801969,96.36363636363636,50.19657383018476,96.36363636363636,71.18653140821597,85.45454545454545,146.72119984127025,83.63636363636363,72.2827968591621,92.72727272727272,416.62703712537825,96.36363636363636,66.59032065325631,90.9090909090909,287.1757325541825,74.54545454545455,49.02309058614564,58.18181818181818,27.137546468401485,72.72727272727273,66.56995228894112,74.54545454545455,83.09510280904861,29.09090909090909,61.731470792554575,74.54545454545455,65.80526451901503,63.63636363636363,84.73803820383092,56.36363636363636,66.02232142857143,83.63636363636363,76.57183616480647,89.0909090909091,72.28578383641675,29.09090909090909,56.72065203312028,81.81818181818183,76.33765765765766,76.36363636363637,62.92586045907795,69.0909090909091,84.5591397950735,70.9090909090909,93.17852789606788,98.18181818181819,92.38296357166918,78.18181818181819,92.8444354713799,54.54545454545454,79.2471470553056,69.0909090909091,86.03272714947158,96.36363636363636,88.53110083441366,54.54545454545454,82.55369882133994,61.81818181818181,93.0,69.0909090909091,91.0,3.6363636363636362,60.0,70.9090909090909,95.0,83.63636363636363,99.0,50.90909090909091,81.0,54.54545454545454,86.0
Qwen/Qwen2.5-32B-Instruct,https://huggingface.co/Qwen/Qwen2.5-32B-Instruct,2024-11-07,chat,32.8,3,74.22957251082252,81.81818181818183,93.67764235337701,80.0,92.5,87.27272727272727,66.10169491525424,76.36363636363637,17.628205128205128,89.0909090909091,90.20100377658518,94.54545454545455,49.2063492063492,85.45454545454545,20.125786163522015,47.27272727272727,952.2325785754134,65.45454545454545,51.97355629010305,60.0,11.188036554970921,67.27272727272727,61.32561132561133,32.72727272727273,38.34693153600568,65.45454545454545,32.82571912013537,92.72727272727272,86.07058944662084,69.0909090909091,87.1879360576503,69.0909090909091,75.81679632263302,60.0,144.9839670883497,63.63636363636363,234.1283656145277,92.72727272727272,73.81221302018375,69.0909090909091,1212.5296887774366,70.9090909090909,59.31089424417447,56.36363636363636,736.851628666047,92.72727272727272,67.7619893428064,96.36363636363636,44.85749690210657,100.0,72.76233903158447,87.27272727272727,86.04797755602117,32.72727272727273,64.21819342161935,98.18181818181819,74.8275331828253,69.0909090909091,86.01682373904427,98.18181818181819,79.20665922619048,90.9090909090909,78.13001361535325,90.9090909090909,76.16135183382018,81.81818181818183,67.57631715327538,100.0,87.41261261261262,96.36363636363636,74.72150236429638,81.81818181818183,90.43633005774132,60.0,90.98076647726172,45.45454545454545,84.72360966832278,87.27272727272727,93.54945050988162,83.63636363636363,80.05428467477479,98.18181818181819,92.74823358954428,65.45454545454545,166.5930576319387,90.9090909090909,96.03033784445606,61.81818181818181,93.0,69.0909090909091,92.0,21.818181818181817,63.0,63.63636363636363,93.0,72.72727272727273,96.0,90.9090909090909,97.0,87.27272727272727,94.0
mistralai/Mistral-Large-Instruct-2411,https://huggingface.co/mistralai/Mistral-Large-Instruct-2411,2025-01-23,chat,123.0,3,74.03544372294373,96.36363636363636,96.35851811033874,81.81818181818183,92.8409090909091,85.45454545454545,64.09861325115563,98.18181818181819,32.371794871794876,90.9090909090909,90.53269727688331,80.0,40.476190476190474,81.81818181818183,17.92452830188679,0.0,71506436165.90189,69.0909090909091,53.87905891503014,87.27272727272727,20.65909720299086,96.36363636363636,75.62971134399706,69.0909090909091,51.15289109613338,98.18181818181819,56.79935880309912,76.36363636363637,84.55432218285863,67.27272727272727,86.79334855853513,0.0,279918576948.5549,0.0,72299071595.53325,0.0,59181760292.3164,85.45454545454545,72.6708799857999,0.0,672696069.2240907,49.09090909090909,50.56761601274646,0.0,1423762436886.47,96.36363636363636,71.22557726465364,90.9090909090909,37.174721189591075,98.18181818181819,71.85991081354945,96.36363636363636,87.25629461273483,41.81818181818181,65.2292461122273,94.54545454545455,74.05379147416318,74.54545454545455,85.54715511699222,94.54545454545455,78.72935267857143,83.63636363636363,76.52543989732116,87.27272727272727,71.73857919506654,80.0,66.28665401279184,85.45454545454545,81.64108108108108,100.0,75.84934913192625,94.54545454545455,95.0479000920756,72.72727272727273,93.72005114644585,36.36363636363637,84.08308162218155,92.72727272727272,94.23790895024628,96.36363636363636,80.95199364369795,90.9090909090909,89.8269642599574,3.6363636363636362,3148.1717754025576,100.0,97.69652666677548,81.81818181818183,96.0,83.63636363636363,97.0,54.54545454545454,70.0,89.0909090909091,98.0,80.0,98.0,81.81818181818183,92.0,87.27272727272727,92.0
Qwen/Qwen2-72B-Instruct,https://huggingface.co/Qwen/Qwen2-72B-Instruct,2024-09-23,chat,72.7,3,72.88419913419914,81.81818181818183,93.59159980795194,81.81818181818183,92.5,85.45454545454545,64.56086286594761,76.36363636363637,16.98717948717949,96.36363636363636,91.17968594712781,69.0909090909091,38.88888888888889,90.9090909090909,21.38364779874214,61.81818181818181,819.3599317218395,74.54545454545455,54.81236632315769,80.0,17.668235945721406,87.27272727272727,69.67273395844825,52.72727272727272,46.08017027314651,83.63636363636363,44.26039718585805,90.9090909090909,85.9932006955872,81.81818181818183,88.39407077475762,67.27272727272727,76.25873594408495,60.0,144.21254314801237,61.81818181818181,240.33256252188124,78.18181818181819,69.76535736139721,76.36363636363637,755.9231821700442,30.909090909090907,47.032463652658834,72.72727272727273,506.7181014477698,89.0909090909091,64.03197158081704,90.9090909090909,40.02478314745972,83.63636363636363,68.91304526191854,67.27272727272727,81.52100571753257,30.909090909090907,63.75799116456632,52.72727272727272,61.453578992248616,80.0,86.8410524523616,83.63636363636363,72.51134672619047,61.81818181818181,72.06857975388297,60.0,64.61477604673806,21.818181818181817,55.68429417040974,61.81818181818181,67.71315315315314,40.0,56.833490620209616,81.81818181818183,89.93673326549943,69.0909090909091,92.99671742836118,30.909090909090907,83.3782120460594,85.45454545454545,93.37717059815719,74.54545454545455,79.7117788154147,94.54545454545455,91.91211458938517,60.0,187.73185262756957,65.45454545454545,87.467528691067,78.18181818181819,96.0,83.63636363636363,96.0,16.363636363636363,63.0,70.9090909090909,95.0,85.45454545454545,98.0,83.63636363636363,93.0,76.36363636363637,90.0
mistralai/Mixtral-8x22B-Instruct-v0.1,https://huggingface.co/mistralai/Mixtral-8x22B-Instruct-v0.1,2024-09-23,chat,141.0,3,71.8641774891775,87.27272727272727,94.80246941243958,78.18181818181819,91.70454545454545,81.81818181818183,59.32203389830508,83.63636363636363,21.474358974358974,83.63636363636363,87.6605048698072,38.18181818181819,32.53968253968254,78.18181818181819,15.723270440251572,76.36363636363637,551.9420402679235,69.0909090909091,53.684619871670236,87.27272727272727,19.939075048463028,72.72727272727273,63.40319911748483,41.81818181818181,43.100390209294076,90.9090909090909,52.70282304746638,80.0,85.00277802921936,74.54545454545455,87.89268050668441,89.0909090909091,58.43103568883953,81.81818181818183,89.55357858199642,81.81818181818183,156.0893581260668,74.54545454545455,68.82898221717745,89.0909090909091,539.6550500089195,87.27272727272727,64.89743079067914,89.0909090909091,325.596682745086,81.81818181818183,57.90408525754884,60.0,27.881040892193308,83.63636363636363,68.68843817048807,74.54545454545455,83.92787385915693,29.09090909090909,62.012165597853,85.45454545454545,68.99161954554035,76.36363636363637,85.67539173477468,80.0,71.79910714285714,85.45454545454545,76.87904883315557,41.81818181818181,62.16275154170723,32.72727272727273,58.505623451535136,87.27272727272727,82.16288288288288,81.81818181818183,64.50734255084362,81.81818181818183,90.02608573068197,90.9090909090909,95.64702606773268,69.0909090909091,88.02945702560149,80.0,92.93779340491058,90.9090909090909,80.36061350089354,92.72727272727272,90.03061707561892,74.54545454545455,134.6007051779905,74.54545454545455,90.2024648605851,47.27272727272727,89.0,83.63636363636363,96.0,5.454545454545454,60.0,65.45454545454545,93.0,72.72727272727273,96.0,63.63636363636363,85.0,52.72727272727272,85.0
CohereForAI/aya-expanse-32b,https://huggingface.co/CohereForAI/aya-expanse-32b,2024-12-17,chat,32.3,3,70.68790584415585,87.27272727272727,94.71982360880409,74.54545454545455,91.36363636363637,76.36363636363637,55.31587057010786,81.81818181818183,20.833333333333336,78.18181818181819,82.40682766845559,0.0,23.015873015873016,49.09090909090909,7.547169811320755,96.36363636363636,302.30266998047375,87.27272727272727,64.30099163912114,90.9090909090909,22.376073109941842,72.72727272727273,63.724949439235154,65.45454545454545,50.05321035828308,85.45454545454545,47.03001157716626,87.27272727272727,85.41661921472188,89.0909090909091,88.89608241509112,90.9090909090909,57.085977628129804,92.72727272727272,74.99612236559264,92.72727272727272,117.46158862982392,89.0909090909091,73.2214187955139,74.54545454545455,826.1460742908924,90.9090909090909,65.54471220872337,81.81818181818183,395.6236443400661,69.0909090909091,44.58259325044405,49.09090909090909,25.650557620817843,76.36363636363637,67.66745022747878,65.45454545454545,80.68290777371355,41.81818181818181,65.60997264532618,74.54545454545455,65.89595375722543,76.36363636363637,87.0568928397616,80.0,71.80096726190477,50.90909090909091,70.83192410090972,81.81818181818183,70.28156442713404,30.909090909090907,57.860210749779064,78.18181818181819,72.68468468468467,32.72727272727273,55.59666651686964,81.81818181818183,90.93468636073193,74.54545454545455,93.83418130713275,100.0,93.35363771449622,83.63636363636363,93.1459193143745,47.27272727272727,78.70216400429933,89.0909090909091,89.77613818802602,94.54545454545455,92.1425381835071,90.9090909090909,95.98559732924122,60.0,91.0,67.27272727272727,90.0,25.454545454545453,64.0,61.81818181818181,93.0,58.18181818181818,92.0,49.09090909090909,80.0,43.63636363636363,83.0
AMead10/c4ai-command-r-08-2024-awq,https://huggingface.co/AMead10/c4ai-command-r-08-2024-awq,2024-10-18,chat,32.3,3,68.58630952380953,80.0,93.06346335718516,65.45454545454545,88.63636363636364,65.45454545454545,52.38828967642527,76.36363636363637,17.628205128205128,74.54545454545455,81.12701252236137,3.6363636363636362,26.190476190476193,34.54545454545455,5.9748427672955975,80.0,544.3030934283744,90.9090909090909,65.79817227299242,80.0,17.668235945721406,85.45454545454545,67.24581724581724,67.27272727272727,50.0886839304718,89.0909090909091,47.68011399056016,69.0909090909091,84.32826669877956,92.72727272727272,89.25774816670074,98.18181818181819,47.757572606942425,98.18181818181819,64.27876987219369,83.63636363636363,151.3335832126588,87.27272727272727,73.03695762858331,85.45454545454545,569.4404641956207,83.63636363636363,64.27006572395936,83.63636363636363,371.12540071849105,54.54545454545454,38.01065719360569,50.90909090909091,25.774473358116477,67.27272727272727,64.41546773657588,78.18181818181819,83.8968003125111,40.0,64.79397503173664,52.72727272727272,61.29666389415046,63.63636363636363,85.11925609416697,78.18181818181819,70.55487351190477,40.0,68.9001916556096,61.81818181818181,64.83741074326517,43.63636363636363,59.36495977739106,69.0909090909091,69.13621621621621,32.72727272727273,55.78428729072107,78.18181818181819,86.77626480477552,74.54545454545455,94.06683795942924,96.36363636363636,92.0992381895232,74.54545454545455,91.86983840831047,96.36363636363636,80.9444549806781,58.18181818181818,84.18616690456696,100.0,74.44745886212361,87.27272727272727,94.46470039669583,63.63636363636363,92.0,69.0909090909091,91.0,3.6363636363636362,59.0,58.18181818181818,91.0,52.72727272727272,91.0,32.72727272727273,76.0,27.27272727272727,81.0
microsoft/phi-4,https://huggingface.co/microsoft/phi-4,2025-01-26,chat,14.7,3,65.89556277056276,80.0,93.48980605261723,70.9090909090909,89.88636363636363,65.45454545454545,52.54237288135594,76.36363636363637,15.384615384615385,67.27272727272727,77.75243490359769,29.09090909090909,30.952380952380953,72.72727272727273,13.20754716981132,56.36363636363636,851.2413675337973,76.36363636363637,55.60956640093331,69.0909090909091,12.9880919412905,78.18181818181819,65.55432984004412,65.45454545454545,49.30826534231997,72.72727272727273,34.60682162258438,85.45454545454545,85.30208756953806,78.18181818181819,88.04997524928451,74.54545454545455,73.08732688683492,47.27272727272727,167.99917662131548,49.09090909090909,292.35457476026744,74.54545454545455,68.79357538898465,98.18181818181819,274.47279859606516,61.81818181818181,54.929296952798246,76.36363636363637,421.9067282423966,74.54545454545455,48.40142095914742,78.18181818181819,30.359355638166047,74.54545454545455,66.95363043005591,56.36363636363636,77.78330196384815,20.0,58.766132874139934,72.72727272727273,64.75630980422308,41.81818181818181,80.02487870507453,52.72727272727272,65.78199404761904,29.09090909090909,65.11109087597889,30.909090909090907,59.800998052580326,21.818181818181817,55.93313912619408,76.36363636363637,71.94450450450451,60.0,59.22549944824762,60.0,80.73305027457032,63.63636363636363,91.6024250177268,58.18181818181818,86.4540406557301,69.0909090909091,90.78175462982715,81.81818181818183,80.01331905933712,74.54545454545455,87.32154138741052,65.45454545454545,166.71707796892917,83.63636363636363,93.66434512537548,43.63636363636363,87.0,63.63636363636363,88.0,41.81818181818181,68.0,63.63636363636363,94.0,58.18181818181818,92.0,54.54545454545454,82.0,34.54545454545455,83.0
google/gemma-2-27b-it,https://huggingface.co/google/gemma-2-27b-it,2024-12-16,chat,27.2,3,60.97537878787879,92.72727272727272,95.73180874558454,80.0,92.61363636363636,80.0,57.473035439137135,41.81818181818181,8.012820512820513,81.81818181818183,86.63312462731066,5.454545454545454,26.984126984126984,72.72727272727273,13.522012578616351,67.27272727272727,751.3519260637988,23.636363636363637,28.485319852226326,58.18181818181818,10.911104957075603,52.72727272727272,57.96102224673654,7.2727272727272725,16.566158212131963,43.63636363636363,21.391041054412682,81.81818181818183,85.1703846284948,70.9090909090909,87.51896931731862,60.0,94.55145280009722,58.18181818181818,148.2691242755338,54.54545454545454,262.6072783138122,94.54545454545455,74.37172965625483,61.81818181818181,1665.434349488534,83.63636363636363,64.30989842660824,50.90909090909091,890.8740764182427,83.63636363636363,60.30195381882771,49.09090909090909,25.774473358116477,87.27272727272727,69.88870154537885,90.9090909090909,86.65080436095032,41.81818181818181,65.0245870519742,89.0909090909091,71.57145752808046,74.54545454545455,85.21474390658841,87.27272727272727,75.9233630952381,45.45454545454545,70.27820416092135,81.81818181818183,69.82412366114899,63.63636363636363,61.80605230713333,87.27272727272727,82.1708108108108,87.27272727272727,69.18400567231402,81.81818181818183,91.1422826788025,80.0,94.63696412632939,34.54545454545455,83.91487751255802,98.18181818181819,95.1516390369879,94.54545454545455,80.78587957669549,70.9090909090909,86.67283837478075,60.0,187.59087348811985,89.0909090909091,95.77112854251013,61.81818181818181,91.0,81.81818181818183,96.0,0.0,55.00000000000001,56.36363636363636,91.0,72.72727272727273,96.0,65.45454545454545,86.0,58.18181818181818,86.0
Qwen/Qwen2.5-7B,https://huggingface.co/Qwen/Qwen2.5-7B,2024-11-04,pretrained,7.62,3,55.068317099567096,41.81818181818181,79.24352644887342,52.72727272727272,84.20454545454545,52.72727272727272,46.379044684129425,40.0,6.089743589743589,60.0,74.78483402902008,43.63636363636363,33.33333333333333,69.0909090909091,11.320754716981133,41.81818181818181,1170.6835916091586,87.27272727272727,64.12599650009722,47.27272727272727,9.33259484907228,89.0909090909091,70.78507078507079,94.54545454545455,54.70024831500532,47.27272727272727,23.679757770059666,74.54545454545455,84.48161003561489,78.18181818181819,88.03837426575653,56.36363636363636,99.4279048048768,38.18181818181819,239.25612837917512,41.81818181818181,333.9517356019841,45.45454545454545,59.05715073125843,52.72727272727272,3067.6852165687465,34.54545454545455,47.69966142202748,34.54545454545455,1366.8172014906004,47.27272727272727,35.96802841918294,74.54545454545455,30.111524163568777,63.63636363636363,62.74127314273523,12.727272727272727,65.40892787385914,7.2727272727272725,54.72780940806153,41.81818181818181,60.236525920696714,40.0,80.36975415230285,10.909090909090908,56.02752976190477,7.2727272727272725,61.26735523930935,7.2727272727272725,51.354065238558924,0.0,46.03453113376724,12.727272727272727,57.638918918918925,25.454545454545453,54.788761228535336,58.18181818181818,79.91322384160861,30.909090909090907,84.39578684867847,69.0909090909091,88.07735232507497,54.54545454545454,88.90202478287628,58.18181818181818,79.34667731473594,87.27272727272727,89.5997964037083,47.27272727272727,229.05274380645582,56.36363636363636,83.68159853728613,30.909090909090907,84.0,54.54545454545454,86.0,0.0,51.0,27.27272727272727,85.0,56.36363636363636,91.0,72.72727272727273,89.0,49.09090909090909,85.0
CohereForAI/aya-23-35B,https://huggingface.co/CohereForAI/aya-23-35B,2024-09-23,chat,35.0,3,54.71455627705628,70.9090909090909,90.45006086973399,67.27272727272727,87.5,58.18181818181818,48.38212634822804,76.36363636363637,15.112540192926044,63.63636363636363,76.94593520174917,0.0,19.047619047619047,18.181818181818183,4.40251572327044,85.45454545454545,458.24597376549445,85.45454545454545,58.312269103636005,81.81818181818183,18.22714681440443,52.72727272727272,58.135686707115276,69.0909090909091,51.08194395175594,78.18181818181819,42.22994033306617,63.63636363636363,83.95009971932055,81.81818181818183,88.29897013120383,76.36363636363637,70.91692022553165,76.36363636363637,99.37368287633247,76.36363636363637,164.9960883362177,80.0,71.1488861796593,65.45454545454545,1599.8547053519483,80.0,62.37801234813782,63.63636363636363,662.9990213039615,49.09090909090909,37.211367673179396,1.8181818181818181,22.18091697645601,10.909090909090908,48.92086035797652,27.27272727272727,72.84704712525303,29.09090909090909,63.66547454623298,23.636363636363637,58.83197852814337,36.36363636363637,78.80956139997978,27.27272727272727,62.602306547619044,32.72727272727273,65.74286061173696,34.54545454545455,61.1966488153197,12.727272727272727,54.09429424413709,20.0,59.36144144144144,18.181818181818183,52.60796620579114,69.0909090909091,84.45349782135675,63.63636363636363,91.97251762304644,94.54545454545455,91.4887286328605,78.18181818181819,92.7441812752504,40.0,78.48465381331536,67.27272727272727,86.02139933677532,85.45454545454545,120.16257213002129,80.0,92.11334910049628,40.0,87.0,23.636363636363637,75.0,20.0,63.0,27.27272727272727,84.0,38.18181818181819,88.0,32.72727272727273,75.0,20.0,75.0
Qwen/Qwen2.5-7B-Instruct,https://huggingface.co/Qwen/Qwen2.5-7B-Instruct,2024-11-04,chat,7.62,3,52.86323051948052,36.36363636363637,78.70324274213854,54.54545454545454,85.3409090909091,63.63636363636363,50.231124807396,45.45454545454545,7.6923076923076925,61.81818181818181,76.5623136553369,43.63636363636363,34.12698412698413,69.0909090909091,11.0062893081761,14.545454545454545,3670.2348198952113,54.54545454545454,45.28485319852226,32.72727272727273,6.97867626696206,65.45454545454545,61.04063246920389,50.90909090909091,45.08691025186236,38.18181818181819,19.02217472615549,70.9090909090909,84.3662324238195,60.0,85.70593532327638,29.09090909090909,131.9850389489426,27.27272727272727,315.87367206461977,29.09090909090909,603.2334729635859,63.63636363636363,64.87062027344534,36.36363636363637,4121.1473599589435,41.81818181818181,49.03405696076479,20.0,2171.848106988734,81.81818181818183,57.37122557726465,74.54545454545455,29.987608426270135,76.36363636363637,67.72334559954709,85.45454545454545,85.56589367520154,29.09090909090909,61.7584474778464,83.63636363636363,68.67184824317995,63.63636363636363,84.99055668736737,72.72727272727273,69.55580357142857,81.81818181818183,74.57332778312565,83.63636363636363,70.99308260305095,23.636363636363637,56.24689639680774,83.63636363636363,78.72468468468469,89.0909090909091,69.59282671979467,78.18181818181819,87.604983705979,30.909090909090907,84.29953623330353,38.18181818181819,84.19616790432521,58.18181818181818,89.05472128013044,52.72727272727272,79.22832323993313,83.63636363636363,88.68339907350638,36.36363636363637,306.9823897014613,63.63636363636363,86.01736462550606,32.72727272727273,84.0,58.18181818181818,87.0,3.6363636363636362,57.99999999999999,49.09090909090909,89.0,45.45454545454545,89.0,65.45454545454545,87.0,27.27272727272727,82.0
meta-llama/Llama-3.1-8B-Instruct,https://huggingface.co/meta-llama/Meta-Llama-3.1-8B-Instruct,2024-09-23,chat,8.03,3,52.82670454545454,63.63636363636363,85.54172248869048,52.72727272727272,83.29545454545455,49.09090909090909,45.300462249614796,47.27272727272727,8.360128617363344,40.0,67.06618962432917,0.0,22.22222222222222,54.54545454545454,8.49056603773585,45.45454545454545,959.4313629378474,81.81818181818183,56.81508846976473,69.0909090909091,12.659279778393351,74.54545454545455,64.25813568670712,76.36363636363637,52.2880454061724,70.9090909090909,33.62721524623742,63.63636363636363,83.93119484499732,43.63636363636363,83.98194408506009,52.72727272727272,103.4513732608333,52.72727272727272,164.2208699572006,47.27272727272727,298.4500113190076,61.81818181818181,64.46110620647131,60.0,2495.3489171959523,52.72727272727272,51.88209520015933,52.72727272727272,825.6458912351247,65.45454545454545,41.207815275310836,3.6363636363636362,22.676579925650557,76.36363636363637,67.55627484523647,16.363636363636363,70.99062466706914,29.09090909090909,62.90545471338357,61.81818181818181,62.15410530435938,50.90909090909091,82.04884734675157,34.54545454545455,63.882998511904766,69.0909090909091,72.87921360494663,76.36363636363637,66.90705128205127,5.454545454545454,52.55952338072568,72.72727272727273,69.95171171171171,38.18181818181819,56.42030049283222,69.0909090909091,84.19800288542973,72.72727272727273,93.55186361721194,50.90909090909091,85.91590966029663,63.63636363636363,89.76177872052068,70.9090909090909,79.5961487256254,54.54545454545454,81.33135944361901,50.90909090909091,219.0498003060333,58.18181818181818,83.69981103891864,30.909090909090907,83.0,36.36363636363637,80.0,30.909090909090907,66.0,34.54545454545455,86.0,50.90909090909091,90.0,23.636363636363637,72.0,25.454545454545453,78.0
mistralai/Mixtral-8x7B-Instruct-v0.1,https://huggingface.co/mistralai/Mixtral-8x7B-Instruct-v0.1,2024-09-23,chat,46.7,3,51.87770562770562,69.0909090909091,89.73307318667396,56.36363636363636,85.11363636363637,50.90909090909091,46.379044684129425,61.81818181818181,11.254019292604502,70.9090909090909,79.17213277678394,23.636363636363637,30.158730158730158,38.18181818181819,6.289308176100629,43.63636363636363,1046.3301746784919,41.81818181818181,41.33774061831616,76.36363636363637,14.81994459833795,56.36363636363636,58.99062327633756,32.72727272727273,37.850301525363605,81.81818181818183,43.14720812182741,52.72727272727272,82.88175940866496,61.81818181818181,86.15821228630077,63.63636363636363,84.58244611424242,63.63636363636363,136.2880280483584,49.09090909090909,293.7024451821287,63.63636363636363,64.89127581358632,70.9090909090909,1128.6668517810654,70.9090909090909,59.25114519020116,67.27272727272727,581.2596946683107,61.81818181818181,40.319715808170514,40.0,25.03097893432466,70.9090909090909,66.24411816589337,74.54545454545455,83.46354629070635,27.27272727272727,60.44540726016273,52.72727272727272,61.20492622544052,40.0,78.26241864266062,69.0909090909091,68.60286458333333,34.54545454545455,66.94591149153159,18.181818181818183,56.72316212268744,23.636363636363637,56.0455544988504,32.72727272727273,62.58846846846846,60.0,59.191170963344675,63.63636363636363,81.87466830770815,58.18181818181818,89.76917711541023,85.45454545454545,89.8142554000532,65.45454545454545,89.90142316258026,85.45454545454545,80.11371218138402,56.36363636363636,81.78877681999289,56.36363636363636,195.3045857157292,40.0,79.26228655152148,30.909090909090907,84.0,38.18181818181819,82.0,7.2727272727272725,61.0,27.27272727272727,84.0,43.63636363636363,89.0,41.81818181818181,77.0,25.454545454545453,76.0
mistralai/Mistral-Nemo-Instruct-2407,https://huggingface.co/mistralai/Mistral-Nemo-Instruct-2407,2024-09-23,chat,12.2,3,51.85132575757575,49.09090909090909,81.24084600236125,63.63636363636363,87.27272727272727,58.18181818181818,48.99845916795069,54.54545454545454,9.646302250803858,70.9090909090909,78.99199960246473,0.0,24.6031746031746,21.818181818181817,5.031446540880504,38.18181818181819,1483.6412214293832,81.81818181818183,56.91230799144468,69.0909090909091,12.770083102493073,78.18181818181819,65.35208678065821,87.27272727272727,52.855622561191915,76.36363636363637,37.98201086472526,60.0,83.61566130697004,74.54545454545455,87.79986252201056,61.81818181818181,87.32289004112222,41.81818181818181,217.4617225832435,38.18181818181819,442.2629005308382,70.9090909090909,65.98916775269406,52.72727272727272,3074.0665954624274,52.72727272727272,52.52937661820355,49.09090909090909,1119.5537021635564,67.27272727272727,44.13854351687389,29.09090909090909,24.1635687732342,50.90909090909091,57.13594164728277,43.63636363636363,76.64157107851841,25.454545454545453,60.192540564715515,74.54545454545455,65.91080652263561,67.27272727272727,84.35974402240312,40.0,64.6303943452381,45.45454545454545,70.23744482313049,60.0,64.06909282700421,3.6363636363636362,51.0825226796253,67.27272727272727,68.3837837837838,41.81818181818181,57.09863135451463,63.63636363636363,81.46405577629791,41.81818181818181,87.46742663826242,49.09090909090909,84.98362168277556,50.90909090909091,88.72489715549811,30.909090909090907,77.60791270448513,34.54545454545455,76.868491238704,43.63636363636363,268.1445345725815,67.27272727272727,88.79706681794437,40.0,87.0,34.54545454545455,80.0,0.0,53.0,36.36363636363637,87.0,47.27272727272727,89.0,20.0,72.0,27.27272727272727,80.0
speakleash/Bielik-11B-v2.3-Instruct,https://huggingface.co/speakleash/Bielik-11B-v2.3-Instruct,2024-10-05,chat,11.2,3,50.16910173160173,54.54545454545454,83.90427200215382,65.45454545454545,87.5,63.63636363636363,50.53929121725732,54.54545454545454,9.294871794871796,69.0909090909091,78.03816338700061,0.0,21.428571428571427,18.181818181818183,4.716981132075472,16.363636363636363,3546.9883033100286,52.72727272727272,44.137662842698816,40.0,8.778731653281639,58.18181818181818,59.13770913770914,54.54545454545454,46.6122738559773,54.54545454545454,29.325852702823045,70.9090909090909,84.36448097966147,70.9090909090909,87.55483334190495,16.363636363636363,189.92629555927186,23.636363636363637,390.91571510166307,20.0,789.9127690280421,43.63636363636363,58.65833345011047,40.0,3902.517086129427,56.36363636363636,52.778331009759015,25.454545454545453,2009.2311071297524,74.54545454545455,49.289520426287744,43.63636363636363,25.154894671623296,81.81818181818183,68.40834594825218,81.81818181818183,85.23385063390036,27.27272727272727,60.77150734343546,74.54545454545455,65.89909904872407,50.90909090909091,81.28790041154308,85.45454545454545,72.984375,89.0909090909091,77.36924491158692,80.0,68.36051606621227,3.6363636363636362,50.51106272756824,80.0,73.86630630630631,81.81818181818183,64.7611236774171,69.0909090909091,83.37129654725956,69.0909090909091,92.90441210465886,69.0909090909091,88.10586886037895,47.27272727272727,88.61517043324588,32.72727272727273,77.77027634271616,63.63636363636363,85.07396162351601,20.0,512.7561154501253,81.81818181818183,93.25341599190284,45.45454545454545,88.0,43.63636363636363,83.0,0.0,51.0,52.72727272727272,90.0,58.18181818181818,92.0,63.63636363636363,85.0,52.72727272727272,85.0
google/gemma-2-27b,https://huggingface.co/google/gemma-2-27b,2024-12-16,pretrained,27.2,3,47.37554112554112,87.27272727272727,94.731161038419,74.54545454545455,90.9090909090909,70.9090909090909,53.77503852080123,1.8181818181818181,0.0,80.0,85.17441860465115,32.72727272727273,30.952380952380953,70.9090909090909,12.578616352201259,81.81818181818183,529.9568942377878,0.0,0.7194244604316548,23.636363636363637,4.873996122957629,5.454545454545454,14.965986394557824,3.6363636363636362,12.309329549485632,3.6363636363636362,2.814141953869445,67.27272727272727,84.13514868035507,61.81818181818181,86.25446550501576,70.9090909090909,71.71889516469317,81.81818181818183,86.56465278187528,70.9090909090909,182.025108436155,69.0909090909091,65.66556896157098,27.27272727272727,4793.632453455357,96.36363636363636,66.51065524795857,74.54545454545455,485.22875758362613,40.0,34.01420959147424,56.36363636363636,27.01363073110285,47.27272727272727,55.38892922927974,61.81818181818181,79.6086508753862,14.545454545454545,57.52885849250053,52.72727272727272,61.45654954533064,41.81818181818181,81.48545071147662,69.0909090909091,68.6171875,65.45454545454545,72.45102375315452,72.72727272727273,65.68281402142162,0.0,47.8120106498418,58.18181818181818,67.27495495495496,69.0909090909091,61.179601639778106,50.90909090909091,75.49817329328587,60.0,90.87012246890326,60.0,86.7381178131191,70.9090909090909,91.528787625154,63.63636363636363,79.3933728991461,65.45454545454545,85.14759116299749,9.090909090909092,1547.481861442734,85.45454545454545,94.0406092872535,54.54545454545454,90.0,74.54545454545455,94.0,1.8181818181818181,55.00000000000001,47.27272727272727,89.0,58.18181818181818,93.0,52.72727272727272,82.0,47.27272727272727,84.0
NousResearch/Hermes-3-Llama-3.1-8B,https://huggingface.co/NousResearch/Hermes-3-Llama-3.1-8B,2024-09-23,chat,8.03,3,45.70684523809524,58.18181818181818,84.51564733698221,45.45454545454545,80.3409090909091,43.63636363636363,42.68104776579353,56.36363636363636,9.646302250803858,49.09090909090909,70.53543033194197,0.0,23.809523809523807,38.18181818181819,6.289308176100629,32.72727272727273,1715.1804396469888,65.45454545454545,51.58467820338324,50.90909090909091,9.916897506925208,63.63636363636363,60.461481890053314,63.63636363636363,48.56332032635686,58.18181818181818,30.839789829904714,50.90909090909091,82.37839517724201,41.81818181818181,83.51226539039664,36.36363636363637,124.09560475767444,30.909090909090907,283.9549025159126,34.54545454545455,474.09913258892624,72.72727272727273,66.49293965424626,45.45454545454545,3428.761807960029,52.72727272727272,51.94184425413264,36.36363636363637,1295.3395476954852,65.45454545454545,42.00710479573712,0.0,20.44609665427509,54.54545454545454,57.71438182795301,18.181818181818183,71.47270854788877,27.27272727272727,61.80815057735756,70.9090909090909,63.95059096532491,50.90909090909091,80.8832916025652,60.0,67.26116071428572,60.0,71.52006313361257,60.0,64.4788623823434,10.909090909090908,53.56632036287472,69.0909090909091,68.92612612612614,29.09090909090909,54.99098721232729,69.0909090909091,83.83136433820204,60.0,90.17108176789522,74.54545454545455,88.64983534020708,54.54545454545454,88.90850791528749,50.90909090909091,79.05499899542278,61.81818181818181,85.01979148827245,40.0,295.2288500098038,52.72727272727272,80.78484148491577,32.72727272727273,84.0,34.54545454545455,80.0,7.2727272727272725,61.0,27.27272727272727,84.0,27.27272727272727,84.0,12.727272727272727,67.0,20.0,74.0
CohereForAI/aya-expanse-8b,https://huggingface.co/CohereForAI/aya-expanse-8b,2024-12-17,chat,8.03,3,45.478896103896105,63.63636363636363,85.13811402259633,54.54545454545454,84.77272727272728,38.18181818181819,41.44838212634823,52.72727272727272,9.294871794871796,54.54545454545454,73.95423375074539,18.181818181818183,30.158730158730158,12.727272727272727,3.459119496855346,47.27272727272727,951.0852201446877,52.72727272727272,44.60431654676259,72.72727272727273,13.680420936028801,45.45454545454545,54.23791138076852,83.63636363636363,52.71372827243703,60.0,31.516608780835337,52.72727272727272,82.88674634991237,67.27272727272727,86.96146560304742,41.81818181818181,112.77354552599591,47.27272727272727,168.23788833249426,54.54545454545454,263.15214463701267,67.27272727272727,65.14791459387247,27.27272727272727,5396.8562588529,69.0909090909091,57.86695877315275,40.0,1216.4535349739342,29.09090909090909,32.149200710479576,3.6363636363636362,23.04832713754647,58.18181818181818,58.8451093087845,38.18181818181819,76.11953549486843,29.09090909090909,63.3405326046922,9.090909090909092,56.500793312411325,38.18181818181819,79.65922575811706,18.181818181818183,59.84170386904763,14.545454545454545,62.06302954618379,7.2727272727272725,51.62741398896462,16.363636363636363,55.12358544413299,20.0,59.17405405405405,10.909090909090908,51.185893114829405,52.72727272727272,77.94970063293445,69.0909090909091,92.7009368953788,90.9090909090909,91.0860622317935,70.9090909090909,91.50489323312753,78.18181818181819,79.8909731030117,72.72727272727273,86.92417311524528,58.18181818181818,190.3070871530951,72.72727272727273,90.07903307431108,27.27272727272727,81.0,10.909090909090908,71.0,21.818181818181817,63.0,27.27272727272727,83.0,29.09090909090909,85.0,9.090909090909092,65.0,25.454545454545453,78.0
meta-llama/Llama-3-8B-Instruct,https://huggingface.co/meta-llama/Meta-Llama-3-8B-Instruct,2024-09-23,chat,8.03,3,44.61377164502164,67.27272727272727,86.70661966032046,49.09090909090909,81.70454545454545,45.45454545454545,43.451463790446844,41.81818181818181,7.07395498392283,45.45454545454545,67.73504273504274,0.0,17.46031746031746,32.72727272727273,5.9748427672955975,30.909090909090907,1757.8195037596768,72.72727272727273,54.92902974917363,60.0,10.77562326869806,54.54545454545454,58.82515168229454,69.0909090909091,50.86910251862362,61.81818181818181,32.14890016920474,49.09090909090909,81.89693966160343,40.0,82.79822216157079,29.09090909090909,131.60144283361583,34.54545454545455,262.60990573282334,36.36363636363637,464.21822996706516,56.36363636363636,62.39366507382651,40.0,3877.419814772024,34.54545454545455,47.97849034056961,38.18181818181819,1290.4305273062503,52.72727272727272,37.56660746003552,0.0,22.428748451053284,69.0909090909091,65.08775060613146,43.63636363636363,76.61404879434639,29.09090909090909,62.11298003176681,69.0909090909091,63.21179693998084,50.90909090909091,80.51552199953028,76.36363636363637,70.12313988095238,61.81818181818181,72.06814614390649,47.27272727272727,62.88846965271016,0.0,49.73195526644993,58.18181818181818,67.21261261261262,23.636363636363637,54.47131636632363,60.0,80.29825295475214,60.0,91.44359206070666,63.63636363636363,87.1340262924598,47.27272727272727,88.61701807724151,63.63636363636363,79.38415808357028,45.45454545454545,78.24815611159711,34.54545454545455,317.83193992956325,56.36363636363636,83.57426211309912,30.909090909090907,82.0,20.0,74.0,20.0,64.0,25.454545454545453,82.0,29.09090909090909,84.0,20.0,71.0,21.818181818181817,75.0
meta-llama/Llama-3.1-8B,https://huggingface.co/meta-llama/Meta-Llama-3.1-8B,2024-09-23,pretrained,8.03,3,44.16260822510822,43.63636363636363,80.55900756908596,40.0,77.5,34.54545454545455,38.82896764252696,50.90909090909091,9.003215434083602,36.36363636363637,65.86960842774796,0.0,21.428571428571427,40.0,6.289308176100629,69.0909090909091,716.3197013920343,61.81818181818181,47.30701924946529,61.81818181818181,11.689750692520775,65.45454545454545,60.911932340503775,72.72727272727273,51.64952110677545,72.72727272727273,34.882892510463975,32.72727272727273,78.24413034796414,32.72727272727273,77.05157169955838,70.9090909090909,74.2052456106713,65.45454545454545,127.63347813692879,67.27272727272727,217.77196893260543,38.18181818181819,57.84148204201174,67.27272727272727,1561.2177303898093,54.54545454545454,52.38996215893248,65.45454545454545,590.5030492093704,34.54545454545455,32.59325044404973,0.0,20.322180916976457,34.54545454545455,54.00846737966598,65.45454545454545,80.98387726836891,5.454545454545454,55.02825020941972,63.63636363636363,62.392273766172046,25.454545454545453,75.84684029900825,29.09090909090909,63.45033482142857,74.54545454545455,73.69266592085751,41.81818181818181,62.08465189873418,3.6363636363636362,51.81038844461533,56.36363636363636,66.47063063063064,21.818181818181817,54.20280519895542,41.81818181818181,72.73743341589933,47.27272727272727,87.9968125155854,87.27272727272727,89.93560001522374,27.27272727272727,84.9460093234641,54.54545454545454,79.25138904356234,30.909090909090907,73.5313270547151,70.9090909090909,159.2670081205767,29.09090909090909,70.30640365841712,30.909090909090907,83.0,23.636363636363637,75.0,18.181818181818183,63.0,23.636363636363637,81.0,27.27272727272727,83.0,7.2727272727272725,64.0,25.454545454545453,76.0
google/gemma-2-9b,https://huggingface.co/google/gemma-2-9b,2024-09-23,pretrained,9.24,3,43.097943722943725,70.9090909090909,90.21697790168348,67.27272727272727,89.0909090909091,60.0,49.46070878274268,0.0,0.3215434083601286,74.54545454545455,81.14713774597494,43.63636363636363,33.33333333333333,52.72727272727272,7.861635220125786,74.54545454545455,648.0679626979578,0.0,0.7388683647676453,21.818181818181817,4.404432132963989,1.8181818181818181,13.541092112520683,7.2727272727272725,16.06952820148989,1.8181818181818181,2.475732478404132,60.0,83.61221200257222,61.81818181818181,86.38439077764194,34.54545454545455,119.26439486891479,63.63636363636363,131.51285497057955,65.45454545454545,219.86100848063114,58.18181818181818,63.736083668483715,12.727272727272727,23097.59704892055,78.18181818181819,60.625373431587334,56.36363636363636,730.7348578363286,41.81818181818181,34.724689165186504,52.72727272727272,26.14622057001239,43.63636363636363,54.76987516358371,56.36363636363636,77.92180120032673,9.090909090909092,56.48313459267273,32.72727272727273,59.37104654332466,41.81818181818181,81.87935100327256,43.63636363636363,64.97786458333333,69.0909090909091,72.73763994761991,43.63636363636363,62.69271340473872,7.2727272727272725,53.32924670936004,50.90909090909091,64.73945945945945,70.9090909090909,61.846448062874806,45.45454545454545,74.21709624546169,38.18181818181819,85.98845019910571,74.54545454545455,88.53558821317775,47.27272727272727,88.62533376913771,100.0,81.68398334309292,38.18181818181819,77.43809498922542,0.0,68797.34451248024,70.9090909090909,89.1505525989291,61.81818181818181,92.0,67.27272727272727,89.0,1.8181818181818181,56.99999999999999,40.0,88.0,65.45454545454545,94.0,65.45454545454545,85.0,30.909090909090907,82.0
Qwen/Qwen2-7B,https://huggingface.co/Qwen/Qwen2-7B,2024-09-23,pretrained,7.62,3,42.95657467532468,43.63636363636363,80.61643555646341,50.90909090909091,81.81818181818183,36.36363636363637,39.907550077041606,40.0,5.144694533762058,47.27272727272727,69.37686344663089,29.09090909090909,30.952380952380953,61.81818181818181,9.433962264150944,32.72727272727273,1714.5695762939743,67.27272727272727,53.179078358934476,43.63636363636363,9.058171745152354,63.63636363636363,59.93748850891708,58.18181818181818,47.57006030507272,49.09090909090909,24.926529521773976,45.45454545454545,81.16194094289352,43.63636363636363,83.97453343392156,29.09090909090909,131.8311675906285,25.454545454545453,356.92487462129634,27.27272727272727,620.6363242381478,36.36363636363637,57.32414530812815,49.09090909090909,3313.9138271134075,27.27272727272727,45.269866560446125,32.72727272727273,1480.2334297843784,34.54545454545455,32.770870337477795,56.36363636363636,27.01363073110285,10.909090909090908,48.727329042209725,36.36363636363637,75.54867005220356,5.454545454545454,54.65239343414679,34.54545454545455,59.49371291177108,25.454545454545453,74.29823552727255,36.36363636363637,64.01618303571428,50.90909090909091,71.06130377847735,34.54545454545455,60.52519474196689,0.0,41.490418481305056,30.909090909090907,62.41837837837838,40.0,56.96656031077889,27.27272727272727,63.901325759183955,40.0,86.03916691263845,76.36363636363637,88.75981836634051,36.36363636363637,86.43277257815899,36.36363636363637,78.14250632508623,78.18181818181819,87.50360649701423,32.72727272727273,338.84626161264276,34.54545454545455,75.75125293848765,18.181818181818183,72.0,32.72727272727273,80.0,0.0,59.0,23.636363636363637,81.0,30.909090909090907,86.0,63.63636363636363,85.0,25.454545454545453,78.0
Qwen/Qwen2-7B-Instruct,https://huggingface.co/Qwen/Qwen2-7B-Instruct,2024-09-23,chat,7.62,3,42.0217803030303,52.72727272727272,82.10785991202651,52.72727272727272,82.61363636363637,38.18181818181819,41.910631741140215,40.0,5.144694533762058,54.54545454545454,73.86404293381037,27.27272727272727,30.158730158730158,49.09090909090909,7.547169811320755,20.0,3082.713445653877,52.72727272727272,44.09877503402683,45.45454545454545,9.168975069252078,45.45454545454545,54.320647177790036,36.36363636363637,41.43313231642426,45.45454545454545,22.789206518835158,52.72727272727272,82.90575460656781,43.63636363636363,84.07069103644069,20.0,179.00093670942871,18.181818181818183,455.09195103839966,18.181818181818183,876.6796710409836,50.90909090909091,60.52971978158004,32.72727272727273,4461.735407863931,29.09090909090909,46.13622784305915,25.454545454545453,1998.3065024823625,72.72727272727273,47.42451154529307,60.0,27.385377942998762,60.0,60.07644845933894,41.81818181818181,76.69750346248092,34.54545454545455,64.3464409418429,74.54545454545455,65.72348694005075,41.81818181818181,79.20086136473955,50.90909090909091,65.37183779761907,43.63636363636363,69.46735350486944,25.454545454545453,58.69036027263874,0.0,49.69356560756091,36.36363636363637,62.91207207207208,78.18181818181819,63.65612095610448,52.72727272727272,78.76817078097349,25.454545454545453,81.54747752666293,41.81818181818181,84.49749553199827,34.54545454545455,86.20438095544745,38.18181818181819,78.260470871524,74.54545454545455,87.31548888783438,21.818181818181817,432.1128405510646,41.81818181818181,79.37740282584564,18.181818181818183,73.0,34.54545454545455,81.0,0.0,56.99999999999999,23.636363636363637,80.0,47.27272727272727,89.0,60.0,84.0,40.0,83.0
google/gemma-2-9b-it,https://huggingface.co/google/gemma-2-9b-it,2024-09-23,chat,9.24,3,42.016369047619044,58.18181818181818,84.39582641650748,74.54545454545455,90.22727272727272,60.0,49.61479198767334,49.09090909090909,9.003215434083602,63.63636363636363,77.07513416815743,32.72727272727273,30.952380952380953,67.27272727272727,10.69182389937107,52.72727272727272,932.0428425605282,56.36363636363636,45.51818005055415,38.18181818181819,8.421052631578947,52.72727272727272,57.54734326162898,67.27272727272727,50.47889322454772,34.54545454545455,17.169828123608514,83.63636363636363,85.26250851438247,41.81818181818181,83.86111542676593,40.0,116.90222794110147,45.45454545454545,174.54401168530865,45.45454545454545,316.9908258609569,21.818181818181817,53.72906769804236,29.09090909090909,4773.330221078421,45.45454545454545,50.119498107946626,45.45454545454545,1178.4733575115765,47.27272727272727,36.05683836589698,32.72727272727273,24.411400247831473,63.63636363636363,62.91654872230359,65.45454545454545,81.23069001029866,9.090909090909092,56.58478682257476,23.636363636363637,58.77361589700219,54.54545454545454,82.9575284040988,47.27272727272727,65.03515625,60.0,71.88776439368316,34.54545454545455,60.61901574164232,0.0,44.991206549827936,45.45454545454545,63.59747747747748,43.63636363636363,57.263158420340446,52.72727272727272,78.47416516823067,43.63636363636363,87.56446047782981,21.818181818181817,82.73711749688091,21.818181818181817,80.71389597449206,16.363636363636363,72.70690084555825,38.18181818181819,77.43988300076667,41.81818181818181,273.44547665172297,16.363636363636363,61.7405845957947,21.818181818181817,80.0,23.636363636363637,76.0,3.6363636363636362,59.0,25.454545454545453,82.0,21.818181818181817,81.0,34.54545454545455,76.0,27.27272727272727,80.0
mistralai/Ministral-8B-Instruct-2410,https://huggingface.co/mistralai/Ministral-8B-Instruct-2410,2024-12-17,chat,8.02,3,41.34334415584415,27.27272727272727,73.01490209545798,49.09090909090909,83.52272727272727,43.63636363636363,42.98921417565486,40.0,6.730769230769231,54.54545454545454,74.15175909361955,0.0,21.428571428571427,16.363636363636363,4.088050314465408,25.454545454545453,2350.654049914338,69.0909090909091,53.39296130663037,50.90909090909091,9.858764885073388,78.18181818181819,65.48078690935833,76.36363636363637,52.1106775452288,54.54545454545454,29.63754564075163,58.18181818181818,83.10677829032068,52.72727272727272,84.55784388584426,27.27272727272727,143.51867501287305,29.09090909090909,310.2017043293635,25.454545454545453,671.3896941496871,50.90909090909091,60.47657217060672,29.09090909090909,4836.5059112640265,36.36363636363637,48.03823939454292,29.09090909090909,1602.4580917131195,41.81818181818181,35.07992895204263,3.6363636363636362,23.04832713754647,43.63636363636363,54.67818624132852,56.36363636363636,77.916474306616,27.27272727272727,61.01628556845654,20.0,57.6706670114838,41.81818181818181,80.14854118362629,60.0,67.0639880952381,18.181818181818183,63.03648394342256,12.727272727272727,55.412203829925346,3.6363636363636362,50.190851629391844,9.090909090909092,55.59711711711712,5.454545454545454,48.818351134213145,41.81818181818181,73.45081193099887,41.81818181818181,86.85771042472824,52.72727272727272,86.09468762122292,43.63636363636363,87.33753621736747,78.18181818181819,79.89554279436388,41.81818181818181,77.7011388805811,30.909090909090907,354.1621427102824,69.0909090909091,89.02061634778634,20.0,78.0,20.0,75.0,0.0,56.00000000000001,23.636363636363637,80.0,27.27272727272727,82.0,21.818181818181817,71.0,23.636363636363637,76.0
ibm-granite/granite-3.0-8b-base,https://huggingface.co/ibm-granite/granite-3.0-8b-base,2024-11-04,pretrained,8.17,3,41.07616341991342,36.36363636363637,78.44922190947814,32.72727272727273,75.79545454545455,21.818181818181817,34.9768875192604,40.0,6.089743589743589,29.09090909090909,63.49334128403896,0.0,23.015873015873016,7.2727272727272725,2.8301886792452833,87.27272727272727,455.13178356281196,43.63636363636363,42.134940696091775,61.81818181818181,11.71420659097203,49.09090909090909,55.506526935098364,54.54545454545454,46.89606243348705,61.81818181818181,32.11327811915576,40.0,80.70156351605462,52.72727272727272,84.72161823712541,80.0,68.6077043047849,72.72727272727273,103.18357245178856,74.54545454545455,175.646309658161,50.90909090909091,60.53232624729661,58.18181818181818,2677.187759314489,61.81818181818181,54.690300736904994,60.0,709.2170448879828,0.0,27.087033747779753,0.0,22.428748451053284,40.0,54.31348175862225,36.36363636363637,75.40218047515891,1.8181818181818181,53.519294293673056,41.81818181818181,60.18655073355188,12.727272727272727,71.88363819602668,50.90909090909091,65.65290178571428,74.54545454545455,73.61873541986455,38.18181818181819,61.34473385264525,0.0,48.6866732122943,56.36363636363636,66.36828828828828,69.0909090909091,61.52862870810052,40.0,72.20916554113327,34.54545454545455,84.7240251831788,76.36363636363637,88.7131130251119,67.27272727272727,90.54047269476885,56.36363636363636,79.3065477116206,49.09090909090909,79.75607718189147,80.0,126.08093813058125,61.81818181818181,84.92178317226066,21.818181818181817,79.0,21.818181818181817,75.0,21.818181818181817,65.0,27.27272727272727,84.0,27.27272727272727,83.0,20.0,70.0,29.09090909090909,81.0
BSC-LT/ALIA-40b,https://huggingface.co/BSC-LT/ALIA-40b,2025-01-26,pretrained,40.4,3,37.75432900432901,54.54545454545454,83.45228793152624,29.09090909090909,74.0909090909091,36.36363636363637,40.06163328197226,7.2727272727272725,1.6025641025641024,52.72727272727272,73.22252037368318,0.0,20.634920634920633,12.727272727272727,3.1446540880503147,100.0,241.54464819696545,0.0,0.7777561734396267,29.09090909090909,6.175574633065633,16.363636363636363,20.353006067291783,12.727272727272727,19.404043987229514,38.18181818181819,18.719387300739157,23.636363636363637,74.10377175150205,27.27272727272727,74.3959883859081,98.18181818181819,47.93920945982888,100.0,58.91876707452884,100.0,81.79656028470579,47.27272727272727,59.73692446387615,90.9090909090909,498.4048975109376,81.81818181818183,63.73232423819957,96.36363636363636,234.4756789760488,3.6363636363636362,28.507992895204264,0.0,21.189591078066915,30.909090909090907,53.46756427454986,67.27272727272727,81.49614688021592,3.6363636363636362,54.859064912353425,60.0,61.94372025078459,29.09090909090909,77.7007135883426,40.0,64.6938244047619,20.0,63.79096530252968,16.363636363636363,56.44879909120415,0.0,47.89778776552165,14.545454545454545,58.562882882882896,72.72727272727273,62.05965916183571,45.45454545454545,74.23761007808784,40.0,86.17422898244067,89.0909090909091,90.50975671310057,61.81818181818181,89.56630501491537,40.0,78.48266904292761,21.818181818181817,64.67232501640527,98.18181818181819,76.93230387592459,76.36363636363637,90.4748616462061,52.72727272727272,90.0,34.54545454545455,80.0,36.36363636363637,67.0,61.81818181818181,92.0,29.09090909090909,83.0,12.727272727272727,67.0,25.454545454545453,79.0
CohereForAI/aya-23-8B,https://huggingface.co/CohereForAI/aya-23-8B,2024-09-23,chat,8.03,3,37.722537878787875,43.63636363636363,80.33637441405604,43.63636363636363,78.18181818181819,21.818181818181817,34.514637904468415,34.54545454545455,4.501607717041801,38.18181818181819,66.5643013317432,7.2727272727272725,26.984126984126984,3.6363636363636362,1.8867924528301887,63.63636363636363,812.7738145073133,41.81818181818181,41.434960139996114,72.72727272727273,13.822714681440443,40.0,53.254274682846116,69.0909090909091,51.08194395175594,58.18181818181818,30.394514204292456,36.36363636363637,79.7346003991907,41.81818181818181,83.79167506264658,54.54545454545454,102.18103189832004,56.36363636363636,150.33521505800076,58.18181818181818,258.6570564942501,29.09090909090909,55.83819359781019,34.54545454545455,4242.118213182806,61.81818181818181,54.33180641306513,41.81818181818181,1196.8965618217055,25.454545454545453,31.70515097690941,0.0,20.322180916976457,16.363636363636363,49.22936178766732,30.909090909090907,73.76238502787741,23.636363636363637,59.9033535067757,23.636363636363637,58.674888691628624,25.454545454545453,76.17698783036043,30.909090909090907,63.42615327380952,40.0,68.93488045372949,63.63636363636363,64.84045358649789,5.454545454545454,51.50271663709829,30.909090909090907,62.44828828828829,47.27272727272727,57.41158230597541,32.72727272727273,66.88508955413855,41.81818181818181,86.42096950924851,92.72727272727272,91.24929057317695,74.54545454545455,91.76441369222493,34.54545454545455,77.95852608603991,60.0,84.20879795115796,63.63636363636363,177.0313772254345,45.45454545454545,79.74509639872012,21.818181818181817,80.0,1.8181818181818181,69.0,0.0,51.0,20.0,77.0,21.818181818181817,80.0,10.909090909090908,65.0,20.0,74.0
utter-project/EuroLLM-9B-Instruct,https://huggingface.co/utter-project/EuroLLM-9B-Instruct,2024-12-16,chat,9.15,3,34.91747835497835,58.18181818181818,84.57223278827938,38.18181818181819,77.38636363636363,43.63636363636363,43.451463790446844,40.0,7.051282051282051,50.90909090909091,71.02514410653946,0.0,21.428571428571427,16.363636363636363,4.088050314465408,94.54545454545455,321.4612410339683,21.818181818181817,19.482792144662646,36.36363636363637,7.698698421489893,7.2727272727272725,17.236624379481523,29.09090909090909,35.04788932245477,30.909090909090907,15.353103571110518,29.09090909090909,77.09110162153195,30.909090909090907,75.8667707744367,83.63636363636363,65.08523211371377,87.27272727272727,80.70084483847191,87.27272727272727,137.75474953739456,58.18181818181818,63.874955040801936,83.63636363636363,624.6152215670238,70.9090909090909,59.79884485162318,87.27272727272727,327.15034478863663,21.818181818181817,30.19538188277087,0.0,20.941759603469638,36.36363636363637,54.107950885916,5.454545454545454,42.14460740793352,1.8181818181818181,50.721080205679414,65.45454545454545,62.792599478580556,40.0,80.51236616173732,5.454545454545454,49.295386904761905,23.636363636363637,64.47216657560857,52.72727272727272,63.08422590068159,0.0,50.410886792985984,20.0,59.21801801801803,21.818181818181817,54.00382481737246,30.909090909090907,65.2299689603774,60.0,90.55471600066457,12.727272727272727,77.0491025969374,25.454545454545453,81.22222887123903,25.454545454545453,75.43996982472052,52.72727272727272,80.94809812607146,89.0909090909091,116.49750283268584,43.63636363636363,79.59822303121327,40.0,88.0,38.18181818181819,82.0,16.363636363636363,63.0,60.0,92.0,29.09090909090909,85.0,29.09090909090909,74.0,25.454545454545453,79.0
mistralai/Mistral-7B-Instruct-v0.3,https://huggingface.co/mistralai/Mistral-7B-Instruct-v0.3,2024-09-23,chat,7.25,3,33.01406926406926,36.36363636363637,78.5818246339646,32.72727272727273,74.54545454545455,27.27272727272727,36.97996918335901,40.0,6.430868167202572,32.72727272727273,65.22261975750348,0.0,19.047619047619047,3.6363636363636362,1.8867924528301887,29.09090909090909,1765.4545978242274,38.18181818181819,37.623954890141945,49.09090909090909,9.833795013850416,40.0,53.0888030888031,36.36363636363637,41.929762327066335,63.63636363636363,32.469498619645556,47.27272727272727,81.23681031774366,56.36363636363636,85.27310321542195,34.54545454545455,126.18156887806195,34.54545454545455,263.51514808968153,30.909090909090907,571.8035749543194,32.72727272727273,56.202024448461586,56.36363636363636,2892.4694567412776,41.81818181818181,49.561840270862376,41.81818181818181,1202.312094656072,40.0,34.280639431616336,0.0,21.933085501858738,23.636363636363637,50.39649818058,74.54545454545455,83.19365034269683,27.27272727272727,60.794582470317216,16.363636363636363,56.9126517603148,29.09090909090909,76.3547404841906,72.72727272727273,69.62965029761905,27.27272727272727,64.88994978796472,5.454545454545454,49.80424375202857,10.909090909090908,53.2093045665916,21.818181818181817,59.66342342342343,78.18181818181819,63.573732592337386,52.72727272727272,77.99874878687068,49.09090909090909,88.27765079432798,52.72727272727272,86.09433993794975,41.81818181818181,87.0135031110494,40.0,78.55314294254163,50.90909090909091,80.32790192871583,38.18181818181819,297.6004528600314,36.36363636363637,78.34365205041138,30.909090909090907,83.0,25.454545454545453,76.0,9.090909090909092,61.0,21.818181818181817,79.0,20.0,78.0,12.727272727272727,67.0,23.636363636363637,77.0
utter-project/EuroLLM-9B,https://huggingface.co/utter-project/EuroLLM-9B,2024-12-16,pretrained,9.15,3,31.467126623376622,45.45454545454545,80.94218205153199,23.636363636363637,66.13636363636364,34.54545454545455,38.82896764252696,38.18181818181819,5.448717948717949,40.0,67.08706022659511,0.0,22.22222222222222,10.909090909090908,3.1446540880503147,98.18181818181819,295.77955332299143,18.181818181818183,17.927279797783395,38.18181818181819,7.920243699806148,14.545454545454545,20.00367714653429,25.454545454545453,31.039375665129477,27.27272727272727,14.346780657226823,27.27272727272727,74.42589056139651,23.636363636363637,71.66410249597223,87.27272727272727,59.97226054115729,92.72727272727272,74.6229325919151,92.72727272727272,117.48739311232809,38.18181818181819,57.917340470752,87.27272727272727,562.9629230710568,70.9090909090909,59.52001593308106,90.9090909090909,287.4016295335777,20.0,30.017761989342805,0.0,21.561338289962826,49.09090909090909,55.854963303919035,3.6363636363636362,40.18608615362762,0.0,48.33765439776016,41.81818181818181,60.13937136107248,25.454545454545453,76.89400229598253,7.2727272727272725,52.88467261904761,9.090909090909092,61.28513324834577,16.363636363636363,56.12422914638104,0.0,49.087247000980064,43.63636363636363,63.318198198198196,25.454545454545453,54.51762861322907,27.27272727272727,62.93778898760172,50.90909090909091,88.53598727365853,18.181818181818183,80.6163654472414,18.181818181818183,79.9614208295027,21.818181818181817,75.24418596668448,47.27272727272727,78.72330851191008,90.9090909090909,107.32329662603722,21.818181818181817,64.17192805602716,40.0,87.0,32.72727272727273,78.0,3.6363636363636362,59.0,63.63636363636363,93.0,29.09090909090909,84.0,23.636363636363637,73.0,25.454545454545453,78.0
BSC-LT/salamandra-7b-instruct,https://huggingface.co/BSC-LT/salamandra-7b-instruct,2024-12-16,chat,7.77,3,29.494724025974026,32.72727272727273,77.50278507262273,23.636363636363637,67.61363636363636,27.27272727272727,38.058551617873654,5.454545454545454,1.282051282051282,30.909090909090907,63.98131584178096,0.0,19.047619047619047,0.0,0.628930817610063,78.18181818181819,547.4950515311294,7.2727272727272725,4.763756562317713,20.0,3.7662697313763505,14.545454545454545,19.28663357234786,16.363636363636363,24.51223838240511,25.454545454545453,13.01095378039006,43.63636363636363,81.05914883010472,56.36363636363636,85.12417368883075,63.63636363636363,85.10644095597189,70.9090909090909,107.38867226014234,80.0,159.94496115330267,41.81818181818181,58.17786559418543,61.81818181818181,1663.0026385379072,67.27272727272727,55.90519816769568,70.9090909090909,530.7736159715618,9.090909090909092,29.307282415630553,0.0,22.55266418835192,29.09090909090909,51.69204008877622,36.36363636363637,75.78038992861961,20.0,59.479370995880146,18.181818181818183,57.439662824751345,36.36363636363637,79.46712144318255,40.0,64.72619047619048,23.636363636363637,64.38631180026191,25.454545454545453,58.46214703018501,5.454545454545454,51.736905489224995,23.636363636363637,59.84936936936938,20.0,53.77613333932521,32.72727272727273,66.61861123372236,30.909090909090907,83.17640524817239,61.81818181818181,87.01149500603658,58.18181818181818,89.12856974879011,70.9090909090909,79.55954098785637,36.36363636363637,77.36569798302654,72.72727272727273,138.32157727266764,32.72727272727273,73.68844480540682,32.72727272727273,84.0,27.27272727272727,77.0,9.090909090909092,61.0,27.27272727272727,82.0,20.0,76.0,10.909090909090908,66.0,21.818181818181817,76.0
meta-llama/Llama-3.2-3B-Instruct,https://huggingface.co/meta-llama/Llama-3.2-3B-Instruct,2024-10-05,chat,3.21,3,27.91328463203463,20.0,68.33552780193254,29.09090909090909,71.36363636363636,21.818181818181817,34.9768875192604,10.909090909090908,1.9230769230769231,40.0,66.87934804213873,0.0,18.253968253968253,16.363636363636363,3.7735849056603774,9.090909090909092,7809.460678276281,49.09090909090909,42.718257826171495,32.72727272727273,6.812517308224869,38.18181818181819,51.13991542562971,52.72727272727272,46.39943242284498,41.81818181818181,20.23332442782082,30.909090909090907,77.14689487316728,29.09090909090909,75.27075186526405,9.090909090909092,277.2950244381762,10.909090909090908,940.9930266327514,10.909090909090908,2187.694981950153,27.27272727272727,55.62499591280018,14.545454545454545,23587.274823902906,12.727272727272727,42.06333399721171,12.727272727272727,5911.167032453357,21.818181818181817,30.817051509769094,0.0,21.313506815365553,20.0,49.74965026932339,16.363636363636363,70.56003409211975,27.27272727272727,60.617178234179256,36.36363636363637,59.729959251001254,36.36363636363637,78.62934653032795,20.0,60.23623511904762,36.36363636363637,68.18950490412882,60.0,64.37236286919831,0.0,49.721182289461666,32.72727272727273,62.480000000000004,41.81818181818181,57.06268006850718,32.72727272727273,66.85518131887892,20.0,80.30684287458763,36.36363636363637,84.0373540604995,43.63636363636363,87.3859570379968,90.9090909090909,80.31038559937646,27.27272727272727,68.59566367563976,16.363636363636363,805.2191128831739,20.0,62.92424415567454,23.636363636363637,80.0,18.181818181818183,74.0,23.636363636363637,65.0,23.636363636363637,80.0,25.454545454545453,81.0,12.727272727272727,67.0,9.090909090909092,68.0
meta-llama/Llama-3.2-3B,https://huggingface.co/meta-llama/Llama-3.2-3B,2024-10-06,pretrained,3.21,3,27.577110389610393,18.181818181818183,65.35640639327885,21.818181818181817,58.75,16.363636363636363,32.5115562403698,27.27272727272727,2.564102564102564,21.818181818181817,60.17988471476844,0.0,24.6031746031746,16.363636363636363,4.088050314465408,40.0,1315.6709106243356,38.18181818181819,38.246159828893646,38.18181818181819,8.058709498753808,40.0,53.10718882147454,52.72727272727272,45.93827598439163,49.09090909090909,25.024490159408675,16.363636363636363,63.284443262948706,16.363636363636363,57.98164086827996,49.09090909090909,105.74206073580893,40.0,227.29557818101384,40.0,409.07037635779045,29.09090909090909,55.841482042011734,47.27272727272727,3401.2225331109225,27.27272727272727,45.8972316271659,47.27272727272727,1138.1319920166427,0.0,27.175843694493786,0.0,21.561338289962826,14.545454545454545,49.15141594771885,41.81818181818181,76.26780070314997,0.0,48.207164907441964,41.81818181818181,60.34276687798366,23.636363636363637,73.65467859998842,29.09090909090909,63.07942708333334,50.90909090909091,71.02292929555722,60.0,64.33584875040572,0.0,49.09830712052517,50.90909090909091,64.418018018018,58.18181818181818,58.69434416365824,16.363636363636363,56.911911219797986,34.54545454545455,84.92499679109532,45.45454545454545,84.82001882552986,20.0,80.49370581413461,72.72727272727273,79.68169866558128,18.181818181818183,58.011753588096596,45.45454545454545,245.00473768303405,12.727272727272727,59.897907960036555,18.181818181818183,73.0,0.0,63.0,0.0,52.0,27.27272727272727,82.0,10.909090909090908,73.0,5.454545454545454,62.0,18.181818181818183,73.0
ibm-granite/granite-3.0-8b-instruct,https://huggingface.co/ibm-granite/granite-3.0-8b-instruct,2024-11-04,chat,8.17,3,27.261904761904756,27.27272727272727,72.74192916836213,30.909090909090907,74.31818181818181,14.545454545454545,31.895223420647152,29.09090909090909,2.8846153846153846,23.636363636363637,60.693699065792096,0.0,22.22222222222222,18.181818181818183,4.716981132075472,18.181818181818183,3250.9265832396336,41.81818181818181,40.2099941668287,38.18181818181819,8.307947936859597,50.90909090909091,56.45339216767788,49.09090909090909,43.70344093650231,52.72727272727272,26.39593908629442,38.18181818181819,79.76290139808529,36.36363636363637,78.47537326579094,21.818181818181817,175.86575057066835,14.545454545454545,649.1489416428598,12.727272727272727,1445.4409231493803,23.636363636363637,54.38149689606369,20.0,14307.608175823758,21.818181818181817,43.995220075682134,16.363636363636363,4148.791010395461,7.2727272727272725,28.863232682060392,0.0,20.817843866171003,56.36363636363636,58.19272314047892,47.27272727272727,77.11388898753508,0.0,48.63685913466762,23.636363636363637,58.79423503015986,23.636363636363637,74.76206405003717,65.45454545454545,67.54538690476191,74.54545454545455,73.38111715274344,41.81818181818181,62.53854268094774,0.0,47.31209057217483,69.0909090909091,69.33333333333334,67.27272727272727,60.273329638340044,40.0,70.36074082624928,23.636363636363637,80.88003067175751,21.818181818181817,82.81463416351433,40.0,86.59239704728688,29.09090909090909,76.78273776282606,32.72727272727273,74.43623897991566,23.636363636363637,424.16509324156965,50.90909090909091,80.41926505158679,18.181818181818183,72.0,5.454545454545454,68.0,3.6363636363636362,59.0,7.2727272727272725,70.0,21.818181818181817,80.0,5.454545454545454,61.0,12.727272727272727,71.0
google/gemma-2-2b-it,https://huggingface.co/google/gemma-2-2b-it,2024-09-23,chat,2.61,3,22.366747835497833,30.909090909090907,74.21673877215618,29.09090909090909,72.5,21.818181818181817,34.514637904468415,0.0,0.6430868167202572,27.27272727272727,62.2878155436295,0.0,21.428571428571427,12.727272727272727,3.1446540880503147,12.727272727272727,4281.246986504022,32.72727272727273,35.990666925918724,5.454545454545454,2.2714681440443214,25.454545454545453,41.49659863945578,36.36363636363637,41.965235899255056,9.090909090909092,4.719921631489892,34.54545454545455,78.98131853424944,32.72727272727273,77.34904501894421,12.727272727272727,266.1380119197988,16.363636363636363,603.724251194707,16.363636363636363,1217.4612479175307,49.09090909090909,60.01050060023449,10.909090909090908,37585.331740159396,14.545454545454545,42.411870145389365,10.909090909090908,6425.568665881765,10.909090909090908,29.396092362344582,0.0,20.941759603469638,34.54545454545455,53.796270086437836,16.363636363636363,71.11047977556021,5.454545454545454,54.99130481413216,41.81818181818181,60.13290603965863,36.36363636363637,79.60314733225354,60.0,66.99051339285714,5.454545454545454,57.914899706012434,10.909090909090908,52.28771097046414,1.8181818181818181,50.733067265111764,7.2727272727272725,53.19135135135136,32.72727272727273,55.58256063034588,30.909090909090907,66.73687544981948,10.909090909090908,75.63439684113261,41.81818181818181,84.42381632809413,36.36363636363637,86.46733946409762,50.90909090909091,79.16215984602856,29.09090909090909,73.15210782663387,14.545454545454545,951.7429956742048,38.18181818181819,79.08181953604544,20.0,77.0,0.0,66.0,0.0,52.0,14.545454545454545,73.0,20.0,74.0,27.27272727272727,74.0,21.818181818181817,75.0
internlm/internlm2_5-7b-chat,https://huggingface.co/internlm/internlm2_5-7b-chat,2024-09-23,chat,7.74,3,22.3045183982684,32.72727272727273,77.92987528978605,38.18181818181819,77.27272727272727,25.454545454545453,35.901386748844374,0.0,0.6430868167202572,20.0,57.64286424170144,5.454545454545454,26.984126984126984,23.636363636363637,5.345911949685535,10.909090909090908,4789.143023008347,23.636363636363637,26.677036748979194,9.090909090909092,2.7700831024930745,21.818181818181817,31.890053318624744,16.363636363636363,24.618659098971264,5.454545454545454,3.1614569418470033,41.81818181818181,80.7391663817274,38.18181818181819,80.78342691708805,9.090909090909092,277.0770975479299,9.090909090909092,1468.0376917954143,9.090909090909092,3122.3433734186665,12.727272727272727,52.52685640616023,12.727272727272727,27196.573558970944,9.090909090909092,40.17128062139016,9.090909090909092,11347.780143376061,40.0,34.63587921847247,49.09090909090909,26.022304832713754,27.27272727272727,51.2519537740145,27.27272727272727,72.98643417735005,0.0,49.16468096462627,56.36363636363636,61.64736389624732,3.6363636363636362,68.57277320203076,60.0,67.09430803571429,45.45454545454545,70.28123943075681,61.81818181818181,64.72634696527102,0.0,44.629393718506584,61.81818181818181,67.88648648648649,50.90909090909091,57.72390910316522,18.181818181818183,56.83595706520308,29.09090909090909,82.99931059650663,27.27272727272727,83.19686063859459,32.72727272727273,85.53422984585004,21.818181818181817,75.25491498783876,43.63636363636363,77.95794752533584,18.181818181818183,694.6847355665176,30.909090909090907,73.16775601573724,7.2727272727272725,67.0,0.0,62.0,0.0,56.00000000000001,14.545454545454545,73.0,21.818181818181817,80.0,14.545454545454545,68.0,21.818181818181817,75.0
ibm-granite/granite-3.0-3b-a800m-base,https://huggingface.co/ibm-granite/granite-3.0-3b-a800m-base,2024-11-04,pretrained,3.37,3,20.37811147186147,25.454545454545453,71.33679109279115,10.909090909090908,39.77272727272727,0.0,28.043143297380585,0.0,0.641025641025641,9.090909090909092,52.99542834426555,27.27272727272727,30.952380952380953,7.2727272727272725,2.20125786163522,50.90909090909091,937.2661745931945,29.09090909090909,30.040832199105584,27.27272727272727,5.455552478537801,36.36363636363637,49.98161426732855,36.36363636363637,41.39765874423554,34.54545454545455,17.561670674147297,14.545454545454545,60.63519570138812,12.727272727272727,56.980408844414676,50.90909090909091,104.69927638343974,43.63636363636363,194.8096488886607,41.81818181818181,331.70775462844006,14.545454545454545,52.77682954741854,23.636363636363637,8757.247495385094,16.363636363636363,42.87990440151364,30.909090909090907,1557.570868667474,0.0,26.820603907637658,0.0,20.941759603469638,60.0,60.1864956781083,30.909090909090907,74.08288646613872,0.0,47.574353939947756,43.63636363636363,60.38540305163171,1.8181818181818181,67.21244155355713,29.09090909090909,63.1625744047619,60.0,71.82228928723191,41.81818181818181,62.57607108081792,0.0,40.0080768134532,32.72727272727273,62.75531531531531,65.45454545454545,60.08158944630026,1.8181818181818181,49.756114356831446,20.0,78.74557983685865,27.27272727272727,83.13554803835204,16.363636363636363,79.50046763340941,20.0,74.81051728016722,12.727272727272727,52.05491283303921,54.54545454545454,199.11458576759873,25.454545454545453,66.27309977798093,1.8181818181818181,61.0,0.0,61.0,1.8181818181818181,59.0,0.0,63.0,1.8181818181818181,64.0,0.0,56.00000000000001,0.0,55.00000000000001
ibm-granite/granite-3.0-3b-a800m-instruct,https://huggingface.co/ibm-granite/granite-3.0-3b-a800m-instruct,2024-11-04,chat,3.37,3,19.464285714285715,23.636363636363637,70.41382132917754,14.545454545454545,44.77272727272727,0.0,27.11864406779661,3.6363636363636362,0.9615384615384616,14.545454545454545,55.04174120453192,3.6363636363636362,26.190476190476193,16.363636363636363,4.088050314465408,27.27272727272727,2051.671519794934,32.72727272727273,35.368461987167024,23.636363636363637,4.73553032400997,30.909090909090907,45.75289575289575,36.36363636363637,41.29123802766939,27.27272727272727,14.293347582153354,18.181818181818183,68.22789220370971,18.181818181818183,63.9268022340208,18.181818181818183,183.46765961209977,21.818181818181817,401.5334148773461,23.636363636363637,727.0596194896152,34.54545454545455,56.57513207494289,16.363636363636363,22594.511883070874,12.727272727272727,41.53555068711412,18.181818181818183,3821.9373722525484,12.727272727272727,29.218472468916517,0.0,19.578686493184634,52.72727272727272,57.499620526831826,61.81818181818181,79.22689015945168,1.8181818181818181,53.99263362372082,9.090909090909092,56.50166700449427,3.6363636363636362,67.08822805609844,16.363636363636363,59.33519345238094,50.90909090909091,70.93685771522232,76.36363636363637,66.61290976955534,0.0,41.12741529981158,30.909090909090907,61.86954954954955,54.54545454545454,58.183411477448054,10.909090909090908,54.87604927507414,10.909090909090908,76.43914981606338,21.818181818181817,82.74660704325841,29.09090909090909,85.14421161792151,27.27272727272727,76.38073837177159,16.363636363636363,56.53198701320902,27.27272727272727,358.5745812084828,23.636363636363637,65.74065193613687,14.545454545454545,70.0,1.8181818181818181,65.0,3.6363636363636362,57.99999999999999,0.0,59.0,3.6363636363636362,64.0,0.0,59.0,7.2727272727272725,63.0
BUT-FIT/csmpt7b,https://huggingface.co/BUT-FIT/csmpt7b,2024-09-23,pretrained,6.7,3,16.025432900432904,20.0,68.32159387174764,1.8181818181818181,26.36363636363636,0.0,25.731895223420647,3.6363636363636362,0.964630225080386,5.454545454545454,52.004571655734445,0.0,22.22222222222222,0.0,0.3144654088050315,90.9090909090909,361.3152181368303,10.909090909090908,8.205327629788062,0.0,1.4958448753462603,7.2727272727272725,17.107924250781394,7.2727272727272725,16.67257892869812,16.363636363636363,7.222370647430759,3.6363636363636362,51.85014553953852,1.8181818181818181,51.52869079597967,45.45454545454545,108.95194455754131,89.0909090909091,78.48851206407204,98.18181818181819,93.83558368831436,0.0,50.844971342890375,100.0,250.80713280528585,41.81818181818181,49.27305317665804,100.0,158.21798782793385,0.0,25.843694493783303,0.0,20.693928128872365,34.54545454545455,53.98549386894433,20.0,71.54728505983879,0.0,46.04845663175033,23.636363636363637,59.0818544638676,0.0,63.80155328888269,20.0,60.491443452380956,23.636363636363637,64.50035122408096,49.09090909090909,63.18463972736124,0.0,44.77730287476249,50.90909090909091,64.93837837837837,50.90909090909091,57.83213745375018,16.363636363636363,56.31856936628662,1.8181818181818181,70.03940973297597,18.181818181818183,80.52658642155505,5.454545454545454,69.07973164899083,7.2727272727272725,68.2106891134083,1.8181818181818181,50.33663633534103,81.81818181818183,122.83711253906482,5.454545454545454,54.49869196486874,1.8181818181818181,59.0,0.0,63.0,0.0,50.0,0.0,65.0,0.0,52.0,0.0,52.0,0.0,52.0
microsoft/Phi-3-mini-4k-instruct,https://huggingface.co/microsoft/Phi-3-mini-4k-instruct,2024-09-23,chat,3.82,3,12.06439393939394,12.727272727272727,62.615008081667625,18.181818181818183,49.31818181818181,1.8181818181818181,29.275808936825886,3.6363636363636362,0.964630225080386,3.6363636363636362,51.4221824686941,1.8181818181818181,26.190476190476193,7.2727272727272725,2.8301886792452833,7.2727272727272725,14602.00754428151,25.454545454545453,28.349212521874396,5.454545454545454,2.3545706371191137,27.27272727272727,44.06140834712263,29.09090909090909,33.735367151472154,21.818181818181817,9.778252738445097,21.818181818181817,70.97806630306117,20.0,66.77962490389147,7.2727272727272725,401.0878665605825,3.6363636363636362,4068.5676391301154,5.454545454545454,8122.037585945756,20.0,53.26599963565533,3.6363636363636362,83315.9644456383,0.0,31.14917347142004,3.6363636363636362,22049.44412763067,7.2727272727272725,29.129662522202487,0.0,21.437422552664188,9.090909090909092,47.78059476778294,7.2727272727272725,56.94982066124508,0.0,49.7334522482811,7.2727272727272725,55.722683143334415,3.6363636363636362,68.63476815361958,10.909090909090908,56.418526785714285,7.2727272727272725,60.921768088040174,30.909090909090907,59.8456264199935,0.0,49.95508675825731,14.545454545454545,58.281081081081076,14.545454545454545,51.57486605649346,0.0,46.95214429099165,1.8181818181818181,69.30797940691016,3.6363636363636362,73.43145807237299,21.818181818181817,80.75957383736804,18.181818181818183,72.94876868519165,25.454545454545453,68.43696069496393,12.727272727272727,998.0726064562293,27.27272727272727,68.7447199049889,0.0,54.0,7.2727272727272725,68.0,0.0,56.99999999999999,0.0,63.0,10.909090909090908,70.0,5.454545454545454,63.0,5.454545454545454,63.0
google/gemma-2-2b,https://huggingface.co/google/gemma-2-2b,2024-09-23,pretrained,2.61,3,11.400838744588745,12.727272727272727,62.855203694888964,20.0,51.02272727272727,12.727272727272727,31.2788906009245,0.0,0.3215434083601286,21.818181818181817,60.28995229576625,0.0,25.396825396825395,10.909090909090908,3.1446540880503147,36.36363636363637,1641.1096244688938,5.454545454545454,2.3527124246548707,3.6363636363636362,1.9390581717451523,0.0,12.750505607648465,5.454545454545454,14.153955303299043,0.0,1.4694095645204381,10.909090909090908,59.087889773037425,12.727272727272727,56.99680395699066,14.545454545454545,207.13828985497796,27.27272727272727,295.9360937117875,32.72727272727273,545.6882604774568,14.545454545454545,52.781253065399866,1.8181818181818181,116121.74768975073,29.09090909090909,46.15614419438359,20.0,2194.9543670640646,0.0,25.666074600355238,0.0,19.82651796778191,16.363636363636363,49.45786617109522,36.36363636363637,75.53002592421606,0.0,47.765737298223584,23.636363636363637,58.55064967743289,3.6363636363636362,69.11682752119455,40.0,64.5370163690476,74.54545454545455,73.79998439004085,41.81818181818181,61.8939670561506,0.0,45.60166116842417,34.54545454545455,63.12108108108107,60.0,59.10840810701499,23.636363636363637,60.583374784257686,20.0,78.65105748579019,16.363636363636363,78.61926051724258,9.090909090909092,70.89917721088348,9.090909090909092,68.7128266519573,14.545454545454545,53.17979507131422,1.8181818181818181,57326.59178987587,14.545454545454545,60.060902197335764,18.181818181818183,76.0,1.8181818181818181,67.0,0.0,51.0,5.454545454545454,69.0,5.454545454545454,65.0,10.909090909090908,67.0,5.454545454545454,62.0
BUT-FIT/CSTinyLlama-1.2B,https://huggingface.co/BUT-FIT/CSTinyLlama-1.2B,2024-09-23,pretrained,1.23,3,11.370400432900432,0.0,54.15584603618986,0.0,24.545454545454547,0.0,27.426810477657938,1.8181818181818181,0.0,1.8181818181818181,49.325183860067575,5.454545454545454,27.77777777777778,0.0,0.3144654088050315,92.72727272727272,328.22167741902416,7.2727272727272725,4.2193272409099745,0.0,1.3850415512465373,1.8181818181818181,13.945578231292515,0.0,7.875133025895707,14.545454545454545,5.913260308130733,0.0,51.46712038409817,0.0,51.10137464236004,56.36363636363636,98.25044240661191,83.63636363636363,82.42153082261214,96.36363636363636,100.75771353652912,0.0,50.78012733379109,96.36363636363636,345.0774929329619,14.545454545454545,42.411870145389365,98.18181818181819,197.34694088221934,0.0,26.820603907637658,0.0,20.074349442379184,5.454545454545454,46.07286295070131,9.090909090909092,59.50317837991407,0.0,41.17627969888804,0.0,45.24379503882688,10.909090909090908,70.52548880970852,0.0,37.11848958333333,1.8181818181818181,31.487889273356405,1.8181818181818181,37.08566617981175,0.0,47.41167153892833,1.8181818181818181,36.07171171171172,3.6363636363636362,46.11426517069371,9.090909090909092,54.67039403168775,0.0,65.78309991703875,1.8181818181818181,72.63995525622838,0.0,62.587284495835384,0.0,63.42360932049543,0.0,50.270349804993195,74.54545454545455,135.13930026293198,3.6363636363636362,53.630282135627525,0.0,47.0,0.0,59.0,5.454545454545454,62.0,0.0,61.0,0.0,42.0,0.0,49.0,5.454545454545454,62.0
utter-project/EuroLLM-1.7B-Instruct,https://huggingface.co/utter-project/EuroLLM-1.7B-Instruct,2024-11-22,chat,1.66,3,11.360254329004325,3.6363636363636362,56.671077368535805,5.454545454545454,29.43181818181818,0.0,26.194144838212637,3.6363636363636362,1.282051282051282,18.181818181818183,55.735440270324,1.8181818181818181,26.190476190476193,0.0,1.257861635220126,54.54545454545454,895.3036657798922,14.545454545454545,9.780283881003307,9.090909090909092,2.6308501800055386,7.2727272727272725,17.558374701231845,16.363636363636363,24.866974104292304,10.909090909090908,5.245346869712352,9.090909090909092,55.278260960508476,9.090909090909092,54.68120368962748,38.18181818181819,118.85643875366182,50.90909090909091,166.25168586893292,52.72727272727272,270.7701989702027,10.909090909090908,52.335580125465356,43.63636363636363,3522.82781068847,23.636363636363637,43.66660027882892,54.54545454545454,805.5080378336504,0.0,26.376554174067497,0.0,19.083023543990087,0.0,43.97078671966984,0.0,37.30246102489435,0.0,48.27999267391678,1.8181818181818181,45.876872322133764,7.2727272727272725,70.08895585209962,1.8181818181818181,37.375,0.0,26.88165049301454,0.0,34.90141187925998,0.0,43.160522549862385,0.0,34.152792792792795,0.0,43.11557839127982,7.2727272727272725,53.291161137443765,5.454545454545454,73.58434402790611,10.909090909090908,76.43562441678026,12.727272727272727,75.31476365735047,14.545454545454545,70.66314605836736,7.2727272727272725,50.880765638275804,49.09090909090909,220.06400802870684,18.181818181818183,62.66702445474729,0.0,56.99999999999999,0.0,60.0,0.0,52.0,0.0,59.0,1.8181818181818181,56.00000000000001,0.0,48.0,0.0,50.0
meta-llama/Llama-3.2-1B,https://huggingface.co/meta-llama/Llama-3.2-1B,2024-10-05,pretrained,1.24,3,11.233089826839826,10.909090909090908,61.023581437880836,0.0,26.931818181818183,3.6363636363636362,29.275808936825886,3.6363636363636362,0.9615384615384616,12.727272727272727,54.27747962631684,0.0,24.6031746031746,7.2727272727272725,2.515723270440252,23.636363636363637,2412.0215869292747,32.72727272727273,35.27124246548707,20.0,3.544724453060094,27.27272727272727,43.417907703621985,25.454545454545453,31.606952820148987,23.636363636363637,11.479205628283907,5.454545454545454,53.41341602748885,3.6363636363636362,53.65804919607449,25.454545454545453,152.51239931151494,20.0,414.9898192538942,21.818181818181817,759.0890112737263,7.2727272727272725,51.513978223399334,23.636363636363637,8705.938636658575,7.2727272727272725,37.88090021907987,20.0,2161.502259356132,0.0,26.376554174067497,0.0,20.57001239157373,5.454545454545454,46.12209190224771,10.909090909090908,63.891650981924066,0.0,44.688278865423634,9.090909090909092,56.59585101103648,3.6363636363636362,67.76679839672481,9.090909090909092,54.30654761904763,20.0,63.76950160869301,27.27272727272727,58.98602320675105,0.0,43.79810296024749,5.454545454545454,52.4190990990991,9.090909090909092,49.17611636232905,1.8181818181818181,50.33242222590588,20.0,79.55620846113307,14.545454545454545,77.85824468758204,1.8181818181818181,65.55795104699254,1.8181818181818181,65.19479681368728,5.454545454545454,50.49904334094858,29.09090909090909,355.5446474969599,9.090909090909092,57.74464950372209,0.0,54.0,0.0,63.0,0.0,52.0,0.0,56.00000000000001,1.8181818181818181,56.00000000000001,0.0,49.0,0.0,56.99999999999999
utter-project/EuroLLM-1.7B,https://huggingface.co/utter-project/EuroLLM-1.7B,2024-11-22,pretrained,1.66,3,9.885687229437229,9.090909090909092,60.082713349012565,0.0,25.795454545454543,0.0,25.423728813559322,3.6363636363636362,0.9615384615384616,14.545454545454545,54.82955674816139,0.0,24.6031746031746,0.0,1.257861635220126,65.45454545454545,797.9000656297104,10.909090909090908,7.4859031693564075,5.454545454545454,2.243145942952091,7.2727272727272725,17.852546423974996,14.545454545454545,21.5679318907414,9.090909090909092,4.951464956808264,1.8181818181818181,51.76805868689856,7.2727272727272725,54.309924860126934,43.63636363636363,109.5501545473431,54.54545454545454,156.1053311371491,60.0,252.46515781303407,5.454545454545454,51.35847311556733,50.90909090909091,3110.9166563110794,20.0,43.19856602270464,56.36363636363636,739.6814292412014,0.0,25.932504440497333,0.0,20.19826517967782,0.0,43.857457570797386,0.0,37.19059625696936,0.0,45.609062896634036,3.6363636363636362,46.995198188312095,1.8181818181818181,66.45511717574169,0.0,36.97061011904762,3.6363636363636362,32.4010718838619,1.8181818181818181,36.63988964621876,0.0,42.58755778901293,3.6363636363636362,38.06486486486486,0.0,43.102595982443795,9.090909090909092,54.285243677242946,5.454545454545454,72.96579952088032,0.0,71.85628661695854,3.6363636363636362,67.29386522020405,3.6363636363636362,66.02425867485512,3.6363636363636362,50.45440332870324,52.72727272727272,202.90366044978333,10.909090909090908,57.8537204518741,0.0,59.0,0.0,56.00000000000001,0.0,46.0,0.0,62.0,0.0,51.0,0.0,53.0,0.0,49.0
meta-llama/Llama-3.2-1B-Instruct,https://huggingface.co/meta-llama/Llama-3.2-1B-Instruct,2024-10-04,chat,1.24,3,9.697646103896105,5.454545454545454,57.640388145053834,14.545454545454545,43.63636363636363,0.0,25.731895223420647,0.0,0.3205128205128205,7.2727272727272725,52.44682965613199,0.0,22.22222222222222,12.727272727272727,3.459119496855346,3.6363636363636362,24364.596686353794,29.09090909090909,30.779700563873224,7.2727272727272725,2.547770700636943,30.909090909090907,45.15535944107373,23.636363636363637,28.73359347286272,18.181818181818183,8.317748686436904,10.909090909090908,59.099999822177566,3.6363636363636362,53.30422993307644,5.454545454545454,551.7924037428302,5.454545454545454,3308.7729286553727,3.6363636363636362,8649.440425880697,9.090909090909092,52.213889005666026,7.2727272727272725,80282.20373224208,3.6363636363636362,34.45528779127664,5.454545454545454,20403.931597486535,0.0,25.044404973357015,0.0,20.074349442379184,3.6363636363636362,45.84558929106207,14.545454545454545,68.54202919137752,0.0,47.5021083814507,5.454545454545454,53.47432393706622,1.8181818181818181,65.26744236622942,14.545454545454545,57.96521577380953,7.2727272727272725,61.19060627346915,21.818181818181817,57.53610840636156,0.0,44.864534074930134,10.909090909090908,56.44612612612613,5.454545454545454,48.93906257021736,7.2727272727272725,52.216421826917106,5.454545454545454,72.72107916195773,7.2727272727272725,75.14634695336237,7.2727272727272725,70.30306653931761,12.727272727272727,69.34841733358256,9.090909090909092,51.23675408520336,10.909090909090908,1424.928158823474,7.2727272727272725,57.41292179541595,0.0,53.0,0.0,56.00000000000001,0.0,57.99999999999999,0.0,62.0,3.6363636363636362,64.0,3.6363636363636362,59.0,7.2727272727272725,64.0
mosaicml/mpt-7b,https://huggingface.co/mosaicml/mpt-7b,2024-09-23,pretrained,6.64,3,8.71685606060606,1.8181818181818181,55.51692145507633,3.6363636363636362,24.204545454545453,0.0,26.656394453004623,0.0,0.3215434083601286,9.090909090909092,53.24786324786325,1.8181818181818181,26.190476190476193,0.0,0.628930817610063,21.818181818181817,2832.8872657878555,16.363636363636363,14.621816060664983,5.454545454545454,2.409972299168975,23.636363636363637,36.146350432064715,1.8181818181818181,10.10996807378503,18.181818181818183,8.665063674414462,7.2727272727272725,54.41553984488701,7.2727272727272725,54.55918693886126,23.636363636363637,170.16879191212578,12.727272727272727,835.0480703256999,14.545454545454545,1293.0504568635527,1.8181818181818181,51.123078432196856,21.818181818181817,12439.513048337201,5.454545454545454,35.72993427604063,14.545454545454545,4490.230535743161,0.0,27.353463587921844,0.0,20.817843866171003,25.454545454545453,51.00221940523222,45.45454545454545,76.73212827160054,0.0,42.77172421886621,9.090909090909092,56.369914238385135,0.0,61.605931270643254,56.36363636363636,66.3139880952381,50.90909090909091,70.99452784209659,12.727272727272727,54.8259493670886,0.0,45.12906583369573,27.27272727272727,60.39135135135134,10.909090909090908,51.24456361629992,1.8181818181818181,49.986327822911804,12.727272727272727,76.38285861343063,9.090909090909092,75.38202133993664,10.909090909090908,72.4391889909556,5.454545454545454,66.8000804960674,10.909090909090908,51.263722346743954,25.454545454545453,387.60350034088873,1.8181818181818181,52.71463203604545,0.0,56.99999999999999,0.0,56.00000000000001,0.0,48.0,0.0,56.00000000000001,1.8181818181818181,60.0,0.0,54.0,0.0,49.0
allenai/OLMo-7B-Instruct-hf,https://huggingface.co/allenai/OLMo-7B-Instruct-hf,2024-09-23,chat,6.7,3,7.230113636363637,5.454545454545454,57.5239127175901,10.909090909090908,39.09090909090909,0.0,24.80739599383667,3.6363636363636362,0.964630225080386,0.0,47.82175511826674,0.0,20.634920634920633,0.0,1.257861635220126,1.8181818181818181,48490.67212438386,18.181818181818183,17.907835893447405,0.0,1.2742382271468145,20.0,30.354844640558927,16.363636363636363,24.015608371763037,7.2727272727272725,3.6156380799715024,20.0,69.31190225582506,21.818181818181817,68.03333502177873,1.8181818181818181,934.4198810472784,1.8181818181818181,5547.42898705992,1.8181818181818181,16035.360021777133,18.181818181818183,53.151473961033815,1.8181818181818181,104420.0655818285,0.0,31.288587930691097,1.8181818181818181,43037.24734206159,0.0,26.820603907637658,0.0,20.074349442379184,10.909090909090908,48.64548591026382,16.363636363636363,70.10636031109058,0.0,43.66599580815871,16.363636363636363,57.1903111042769,5.454545454545454,68.86498498226351,23.636363636363637,61.520089285714285,14.545454545454545,62.234739096877135,21.818181818181817,57.88197825381369,0.0,41.73582867451437,14.545454545454545,58.27747747747748,14.545454545454545,51.647642444487715,10.909090909090908,55.40585053992486,9.090909090909092,74.66316314457012,5.454545454545454,74.48672181815562,14.545454545454545,77.1254941664973,9.090909090909092,68.65035766687213,23.636363636363637,66.74246920766778,5.454545454545454,1857.340816913084,0.0,52.19764186365416,0.0,57.99999999999999,0.0,57.99999999999999,0.0,53.0,0.0,61.0,5.454545454545454,63.0,0.0,56.00000000000001,0.0,56.99999999999999
